AK,"American Airlines Inc.,Horizon Air,SkyWest Airlines Inc.,Alaska Airlines Inc.,Delta Air Lines Inc.,United Air Lines Inc."
AL,"Mesa Airlines Inc.,American Airlines Inc.,Capital Cargo International,Air Wisconsin Airlines Corp,Republic Airlines,Frontier Airlines Inc.,SkyWest Airlines Inc.,Southwest Airlines Co.,Delta Air Lines Inc.,Commutair Aka Champlain Enterprises, Inc.,Comair Inc.,Envoy Air,GoJet Airlines, LLC d/b/a United Express,Endeavor Air Inc."
AR,"Mesa Airlines Inc.,American Airlines Inc.,Air Wisconsin Airlines Corp,Republic Airlines,Frontier Airlines Inc.,SkyWest Airlines Inc.,Southwest Airlines Co.,Delta Air Lines Inc.,Commutair Aka Champlain Enterprises, Inc.,Allegiant Air,Comair Inc.,Envoy Air,GoJet Airlines, LLC d/b/a United Express,Endeavor Air Inc."
AZ,"Mesa Airlines Inc.,American Airlines Inc.,Frontier Airlines Inc.,SkyWest Airlines Inc.,Southwest Airlines Co.,Delta Air Lines Inc.,United Air Lines Inc.,Hawaiian Airlines Inc.,Commutair Aka Champlain Enterprises, Inc.,Allegiant Air,Spirit Air Lines,Horizon Air,JetBlue Airways,Alaska Airlines Inc."
"Aberdeen,",SkyWest Airlines Inc.
"Abilene,",Envoy Air
Adak,Alaska Airlines Inc.
"Aguadilla,","Spirit Air Lines,JetBlue Airways,Frontier Airlines Inc.,United Air Lines Inc."
"Akron,","Capital Cargo International,Allegiant Air,Air Wisconsin Airlines Corp,Comair Inc.,Spirit Air Lines,SkyWest Airlines Inc.,GoJet Airlines, LLC d/b/a United Express"
"Alamosa,",SkyWest Airlines Inc.
"Albany,","American Airlines Inc.,Capital Cargo International,Air Wisconsin Airlines Corp,Republic Airlines,Frontier Airlines Inc.,SkyWest Airlines Inc.,Southwest Airlines Co.,Delta Air Lines Inc.,United Air Lines Inc.,Commutair Aka Champlain Enterprises, Inc.,Allegiant Air,Comair Inc.,JetBlue Airways,Envoy Air,GoJet Airlines, LLC d/b/a United Express,Endeavor Air Inc."
"Albuquerque,","Mesa Airlines Inc.,American Airlines Inc.,Republic Airlines,Frontier Airlines Inc.,SkyWest Airlines Inc.,Southwest Airlines Co.,Delta Air Lines Inc.,United Air Lines Inc.,Commutair Aka Champlain Enterprises, Inc.,Allegiant Air,Horizon Air,JetBlue Airways,Envoy Air,Alaska Airlines Inc."
"Alexandria,","Commutair Aka Champlain Enterprises, Inc.,Comair Inc.,Envoy Air,SkyWest Airlines Inc.,Endeavor Air Inc."
"Allentown/Bethlehem/Easton,","Allegiant Air,Capital Cargo International,Air Wisconsin Airlines Corp,Comair Inc.,Envoy Air,SkyWest Airlines Inc.,GoJet Airlines, LLC d/b/a United Express,Endeavor Air Inc."
"Alpena,",SkyWest Airlines Inc.
"Amalie,","American Airlines Inc.,Spirit Air Lines,JetBlue Airways,Frontier Airlines Inc.,Delta Air Lines Inc.,United Air Lines Inc."
"Amarillo,","Mesa Airlines Inc.,American Airlines Inc.,Allegiant Air,Commutair Aka Champlain Enterprises, Inc.,Envoy Air,SkyWest Airlines Inc.,Southwest Airlines Co."
"Ana,","American Airlines Inc.,Allegiant Air,Spirit Air Lines,Horizon Air,Frontier Airlines Inc.,SkyWest Airlines Inc.,Southwest Airlines Co.,Alaska Airlines Inc.,Delta Air Lines Inc.,United Air Lines Inc."
"Anchorage,","American Airlines Inc.,Horizon Air,Alaska Airlines Inc.,Delta Air Lines Inc.,United Air Lines Inc."
"Angeles,","American Airlines Inc.,Allegiant Air,Spirit Air Lines,Horizon Air,JetBlue Airways,SkyWest Airlines Inc.,Southwest Airlines Co.,Alaska Airlines Inc.,Delta Air Lines Inc.,United Air Lines Inc.,Hawaiian Airlines Inc."
"Angelo,","Envoy Air,SkyWest Airlines Inc."
"Antonio,","Mesa Airlines Inc.,American Airlines Inc.,Allegiant Air,Comair Inc.,JetBlue Airways,Envoy Air,Frontier Airlines Inc.,Republic Airlines,SkyWest Airlines Inc.,Southwest Airlines Co.,Alaska Airlines Inc.,Delta Air Lines Inc.,United Air Lines Inc."
"Appleton,","Allegiant Air,Air Wisconsin Airlines Corp,Comair Inc.,Envoy Air,Republic Airlines,SkyWest Airlines Inc.,Delta Air Lines Inc.,Endeavor Air Inc."
"Arcata/Eureka,",SkyWest Airlines Inc.
"Arthur,",Envoy Air
"Asheville,","American Airlines Inc.,Capital Cargo International,Allegiant Air,Air Wisconsin Airlines Corp,Commutair Aka Champlain Enterprises, Inc.,Comair Inc.,JetBlue Airways,Envoy Air,Republic Airlines,SkyWest Airlines Inc.,Delta Air Lines Inc.,GoJet Airlines, LLC d/b/a United Express,Endeavor Air Inc."
"Ashland,","Capital Cargo International,Allegiant Air"
"Aspen,",SkyWest Airlines Inc.
"Atlanta,","Mesa Airlines Inc.,American Airlines Inc.,Republic Airlines,Frontier Airlines Inc.,SkyWest Airlines Inc.,Southwest Airlines Co.,Delta Air Lines Inc.,United Air Lines Inc.,Comair Inc.,Spirit Air Lines,JetBlue Airways,Envoy Air,Alaska Airlines Inc.,Endeavor Air Inc."
Atlantic,Spirit Air Lines
"Augusta,","Mesa Airlines Inc.,American Airlines Inc.,Capital Cargo International,Comair Inc.,Envoy Air,Republic Airlines,Delta Air Lines Inc.,Endeavor Air Inc."
"Austin,","Mesa Airlines Inc.,American Airlines Inc.,Republic Airlines,Frontier Airlines Inc.,SkyWest Airlines Inc.,Southwest Airlines Co.,Delta Air Lines Inc.,United Air Lines Inc.,Hawaiian Airlines Inc.,Commutair Aka Champlain Enterprises, Inc.,Allegiant Air,Spirit Air Lines,Horizon Air,JetBlue Airways,Envoy Air,Alaska Airlines Inc.,Endeavor Air Inc."
"Bakersfield,","Mesa Airlines Inc.,Envoy Air,SkyWest Airlines Inc."
"Baltimore,","Mesa Airlines Inc.,American Airlines Inc.,Air Wisconsin Airlines Corp,Republic Airlines,Frontier Airlines Inc.,SkyWest Airlines Inc.,Southwest Airlines Co.,Delta Air Lines Inc.,United Air Lines Inc.,Allegiant Air,Comair Inc.,Spirit Air Lines,JetBlue Airways,Envoy Air,Alaska Airlines Inc.,GoJet Airlines, LLC d/b/a United Express,Endeavor Air Inc."
"Bangor,","American Airlines Inc.,Capital Cargo International,Allegiant Air,Air Wisconsin Airlines Corp,Commutair Aka Champlain Enterprises, Inc.,Comair Inc.,Republic Airlines,Envoy Air,SkyWest Airlines Inc.,GoJet Airlines, LLC d/b/a United Express,Endeavor Air Inc."
"Barbara,","Mesa Airlines Inc.,American Airlines Inc.,Horizon Air,Envoy Air,SkyWest Airlines Inc.,Southwest Airlines Co.,United Air Lines Inc."
"Barrow,",Alaska Airlines Inc.
Baton,"Mesa Airlines Inc.,Commutair Aka Champlain Enterprises, Inc.,Comair Inc.,Envoy Air,SkyWest Airlines Inc.,Delta Air Lines Inc.,Endeavor Air Inc.,United Air Lines Inc."
"Bay,","Air Wisconsin Airlines Corp,Envoy Air,Frontier Airlines Inc.,Republic Airlines,SkyWest Airlines Inc.,Delta Air Lines Inc.,GoJet Airlines, LLC d/b/a United Express,Endeavor Air Inc."
"Beach,","Mesa Airlines Inc.,American Airlines Inc.,Capital Cargo International,Air Wisconsin Airlines Corp,Republic Airlines,Frontier Airlines Inc.,SkyWest Airlines Inc.,Southwest Airlines Co.,Delta Air Lines Inc.,United Air Lines Inc.,Hawaiian Airlines Inc.,Allegiant Air,Commutair Aka Champlain Enterprises, Inc.,Comair Inc.,Spirit Air Lines,JetBlue Airways,Envoy Air,GoJet Airlines, LLC d/b/a United Express,Endeavor Air Inc."
Beach/Palm,"Mesa Airlines Inc.,American Airlines Inc.,Allegiant Air,Comair Inc.,Spirit Air Lines,JetBlue Airways,Republic Airlines,Frontier Airlines Inc.,Southwest Airlines Co.,Delta Air Lines Inc.,United Air Lines Inc."
Beaumont/Port,Envoy Air
"Belleville,",Allegiant Air
"Bellingham,","Allegiant Air,Horizon Air,Southwest Airlines Co."
"Bemidji,",SkyWest Airlines Inc.
"Bend,","Allegiant Air,Air Wisconsin Airlines Corp,Comair Inc.,SkyWest Airlines Inc.,Endeavor Air Inc."
Bend/Coos,SkyWest Airlines Inc.
"Bend/Redmond,","Allegiant Air,Horizon Air,SkyWest Airlines Inc.,United Air Lines Inc."
"Benito,","Mesa Airlines Inc.,Commutair Aka Champlain Enterprises, Inc.,Envoy Air,Frontier Airlines Inc.,SkyWest Airlines Inc.,Southwest Airlines Co."
"Bern/Morehead/Beaufort,",Comair Inc.
"Bethel,",Alaska Airlines Inc.
"Billings,","Mesa Airlines Inc.,Allegiant Air,Horizon Air,Envoy Air,SkyWest Airlines Inc.,Delta Air Lines Inc.,United Air Lines Inc."
"Binghamton,",Endeavor Air Inc.
"Birmingham,","Mesa Airlines Inc.,American Airlines Inc.,Commutair Aka Champlain Enterprises, Inc.,Capital Cargo International,Air Wisconsin Airlines Corp,Comair Inc.,Envoy Air,Republic Airlines,SkyWest Airlines Inc.,Southwest Airlines Co.,Delta Air Lines Inc.,GoJet Airlines, LLC d/b/a United Express,Endeavor Air Inc."
"Bishop,",SkyWest Airlines Inc.
"Bismarck/Mandan,","Allegiant Air,Frontier Airlines Inc.,SkyWest Airlines Inc.,Delta Air Lines Inc.,Endeavor Air Inc."
"Bloomington/Normal,","Mesa Airlines Inc.,Allegiant Air,Envoy Air,Frontier Airlines Inc.,SkyWest Airlines Inc.,Endeavor Air Inc."
"Boise,","Mesa Airlines Inc.,American Airlines Inc.,Allegiant Air,Horizon Air,Envoy Air,SkyWest Airlines Inc.,Alaska Airlines Inc.,Delta Air Lines Inc.,Southwest Airlines Co.,United Air Lines Inc."
"Boston,","Mesa Airlines Inc.,American Airlines Inc.,Capital Cargo International,Republic Airlines,Frontier Airlines Inc.,SkyWest Airlines Inc.,Southwest Airlines Co.,Delta Air Lines Inc.,United Air Lines Inc.,Hawaiian Airlines Inc.,Allegiant Air,Spirit Air Lines,JetBlue Airways,Envoy Air,Alaska Airlines Inc.,Endeavor Air Inc."
"Bozeman,","Mesa Airlines Inc.,American Airlines Inc.,Allegiant Air,Horizon Air,JetBlue Airways,Envoy Air,SkyWest Airlines Inc.,Alaska Airlines Inc.,Delta Air Lines Inc.,Southwest Airlines Co.,United Air Lines Inc."
"Brainerd,",SkyWest Airlines Inc.
"Branson,",Frontier Airlines Inc.
Bristol/Johnson,"Capital Cargo International,Allegiant Air,Comair Inc.,SkyWest Airlines Inc.,Endeavor Air Inc."
"Brownsville,","Commutair Aka Champlain Enterprises, Inc.,Envoy Air,SkyWest Airlines Inc."
"Brunswick,",Endeavor Air Inc.
"Buffalo,","Mesa Airlines Inc.,American Airlines Inc.,Capital Cargo International,Air Wisconsin Airlines Corp,Republic Airlines,Frontier Airlines Inc.,SkyWest Airlines Inc.,Delta Air Lines Inc.,Southwest Airlines Co.,United Air Lines Inc.,Commutair Aka Champlain Enterprises, Inc.,Comair Inc.,JetBlue Airways,Envoy Air,GoJet Airlines, LLC d/b/a United Express,Endeavor Air Inc."
"Burbank,","Mesa Airlines Inc.,American Airlines Inc.,Spirit Air Lines,JetBlue Airways,Frontier Airlines Inc.,SkyWest Airlines Inc.,Alaska Airlines Inc.,Southwest Airlines Co.,United Air Lines Inc."
"Burlington,","Mesa Airlines Inc.,American Airlines Inc.,Capital Cargo International,Air Wisconsin Airlines Corp,Republic Airlines,Frontier Airlines Inc.,SkyWest Airlines Inc.,Delta Air Lines Inc.,United Air Lines Inc.,Commutair Aka Champlain Enterprises, Inc.,Comair Inc.,JetBlue Airways,Envoy Air,GoJet Airlines, LLC d/b/a United Express,Endeavor Air Inc."
"Butte,",SkyWest Airlines Inc.
CA,"Mesa Airlines Inc.,American Airlines Inc.,Frontier Airlines Inc.,SkyWest Airlines Inc.,Delta Air Lines Inc.,Southwest Airlines Co.,Hawaiian Airlines Inc.,United Air Lines Inc.,Allegiant Air,Spirit Air Lines,Horizon Air,JetBlue Airways,Envoy Air,Alaska Airlines Inc."
CO,"Mesa Airlines Inc.,American Airlines Inc.,Frontier Airlines Inc.,SkyWest Airlines Inc.,Southwest Airlines Co.,Delta Air Lines Inc.,United Air Lines Inc.,Commutair Aka Champlain Enterprises, Inc.,Allegiant Air,Spirit Air Lines,Horizon Air,JetBlue Airways,Envoy Air,Alaska Airlines Inc."
CT,"Mesa Airlines Inc.,American Airlines Inc.,Capital Cargo International,Comair Inc.,Spirit Air Lines,JetBlue Airways,Envoy Air,Frontier Airlines Inc.,Republic Airlines,SkyWest Airlines Inc.,Delta Air Lines Inc.,Southwest Airlines Co.,United Air Lines Inc."
Cape,SkyWest Airlines Inc.
"Casper,","Commutair Aka Champlain Enterprises, Inc.,SkyWest Airlines Inc."
Cedar,"Mesa Airlines Inc.,Allegiant Air,Air Wisconsin Airlines Corp,Comair Inc.,Envoy Air,Frontier Airlines Inc.,Republic Airlines,SkyWest Airlines Inc.,Delta Air Lines Inc.,GoJet Airlines, LLC d/b/a United Express,Endeavor Air Inc.,United Air Lines Inc."
"Champaign/Urbana,",Envoy Air
"Charles,","Commutair Aka Champlain Enterprises, Inc.,Envoy Air,SkyWest Airlines Inc."
"Charleston,","Mesa Airlines Inc.,American Airlines Inc.,Capital Cargo International,Air Wisconsin Airlines Corp,Republic Airlines,Frontier Airlines Inc.,SkyWest Airlines Inc.,Delta Air Lines Inc.,Southwest Airlines Co.,United Air Lines Inc.,Allegiant Air,Commutair Aka Champlain Enterprises, Inc.,Comair Inc.,JetBlue Airways,Envoy Air,Alaska Airlines Inc.,GoJet Airlines, LLC d/b/a United Express,Endeavor Air Inc."
"Charleston/Dunbar,","Air Wisconsin Airlines Corp,Comair Inc.,Spirit Air Lines,SkyWest Airlines Inc.,Endeavor Air Inc."
Charlotte,"American Airlines Inc.,Spirit Air Lines,JetBlue Airways,Frontier Airlines Inc.,Delta Air Lines Inc.,United Air Lines Inc."
"Charlotte,","Mesa Airlines Inc.,American Airlines Inc.,Capital Cargo International,Republic Airlines,Frontier Airlines Inc.,SkyWest Airlines Inc.,Delta Air Lines Inc.,Southwest Airlines Co.,United Air Lines Inc.,Comair Inc.,Spirit Air Lines,JetBlue Airways,Envoy Air,GoJet Airlines, LLC d/b/a United Express,Endeavor Air Inc."
"Charlottesville,","Capital Cargo International,Commutair Aka Champlain Enterprises, Inc.,Air Wisconsin Airlines Corp,Comair Inc.,Republic Airlines,Delta Air Lines Inc.,Endeavor Air Inc."
"Chattanooga,","Capital Cargo International,Allegiant Air,Air Wisconsin Airlines Corp,Comair Inc.,Envoy Air,Republic Airlines,SkyWest Airlines Inc.,Delta Air Lines Inc.,Endeavor Air Inc."
"Cheyenne,",SkyWest Airlines Inc.
"Chicago,","Mesa Airlines Inc.,American Airlines Inc.,Capital Cargo International,Air Wisconsin Airlines Corp,Republic Airlines,Frontier Airlines Inc.,SkyWest Airlines Inc.,Southwest Airlines Co.,Delta Air Lines Inc.,United Air Lines Inc.,Allegiant Air,Spirit Air Lines,Horizon Air,JetBlue Airways,Envoy Air,Alaska Airlines Inc.,GoJet Airlines, LLC d/b/a United Express,Endeavor Air Inc."
"Christi,","Mesa Airlines Inc.,Commutair Aka Champlain Enterprises, Inc.,Envoy Air,SkyWest Airlines Inc.,Southwest Airlines Co."
"Christiansted,","American Airlines Inc.,Spirit Air Lines,Delta Air Lines Inc."
"Cincinnati,","Mesa Airlines Inc.,American Airlines Inc.,Capital Cargo International,Air Wisconsin Airlines Corp,Republic Airlines,Frontier Airlines Inc.,SkyWest Airlines Inc.,Southwest Airlines Co.,Delta Air Lines Inc.,United Air Lines Inc.,Allegiant Air,Commutair Aka Champlain Enterprises, Inc.,Comair Inc.,Envoy Air,Alaska Airlines Inc.,GoJet Airlines, LLC d/b/a United Express,Endeavor Air Inc."
"City,","Mesa Airlines Inc.,American Airlines Inc.,Air Wisconsin Airlines Corp,Republic Airlines,Frontier Airlines Inc.,SkyWest Airlines Inc.,Southwest Airlines Co.,Delta Air Lines Inc.,United Air Lines Inc.,Commutair Aka Champlain Enterprises, Inc.,Allegiant Air,Comair Inc.,Spirit Air Lines,Horizon Air,JetBlue Airways,Envoy Air,Alaska Airlines Inc.,GoJet Airlines, LLC d/b/a United Express,Endeavor Air Inc."
"City/Kingsport,","Capital Cargo International,Allegiant Air,Comair Inc.,SkyWest Airlines Inc.,Endeavor Air Inc."
"City/Midland,","Air Wisconsin Airlines Corp,SkyWest Airlines Inc.,Endeavor Air Inc."
"Claire,",SkyWest Airlines Inc.
"Clarksburg/Fairmont,","Allegiant Air,SkyWest Airlines Inc."
"Cleveland,","Mesa Airlines Inc.,American Airlines Inc.,Capital Cargo International,Air Wisconsin Airlines Corp,Republic Airlines,Frontier Airlines Inc.,SkyWest Airlines Inc.,Southwest Airlines Co.,Delta Air Lines Inc.,United Air Lines Inc.,Commutair Aka Champlain Enterprises, Inc.,Allegiant Air,Comair Inc.,Spirit Air Lines,JetBlue Airways,Envoy Air,Alaska Airlines Inc.,GoJet Airlines, LLC d/b/a United Express,Endeavor Air Inc."
"Cloud,",Allegiant Air
"Cody,","Commutair Aka Champlain Enterprises, Inc.,SkyWest Airlines Inc."
College,"Commutair Aka Champlain Enterprises, Inc.,Envoy Air,SkyWest Airlines Inc."
"College,","Capital Cargo International,Allegiant Air,Air Wisconsin Airlines Corp,SkyWest Airlines Inc.,GoJet Airlines, LLC d/b/a United Express,Endeavor Air Inc."
Colorado,"Mesa Airlines Inc.,American Airlines Inc.,Commutair Aka Champlain Enterprises, Inc.,Envoy Air,Frontier Airlines Inc.,SkyWest Airlines Inc.,Southwest Airlines Co.,United Air Lines Inc."
"Columbia,","Mesa Airlines Inc.,Capital Cargo International,Commutair Aka Champlain Enterprises, Inc.,Air Wisconsin Airlines Corp,Comair Inc.,Envoy Air,Republic Airlines,SkyWest Airlines Inc.,Delta Air Lines Inc.,Endeavor Air Inc."
"Columbus,","Mesa Airlines Inc.,American Airlines Inc.,Capital Cargo International,Air Wisconsin Airlines Corp,Republic Airlines,Frontier Airlines Inc.,SkyWest Airlines Inc.,Southwest Airlines Co.,Delta Air Lines Inc.,United Air Lines Inc.,Allegiant Air,Commutair Aka Champlain Enterprises, Inc.,Comair Inc.,Spirit Air Lines,Envoy Air,Alaska Airlines Inc.,GoJet Airlines, LLC d/b/a United Express,Endeavor Air Inc."
"Concord,",Allegiant Air
"Cordova,",Alaska Airlines Inc.
Corpus,"Mesa Airlines Inc.,Commutair Aka Champlain Enterprises, Inc.,Envoy Air,SkyWest Airlines Inc.,Southwest Airlines Co."
"Crosse,","Envoy Air,SkyWest Airlines Inc."
DC,"Mesa Airlines Inc.,American Airlines Inc.,Air Wisconsin Airlines Corp,Republic Airlines,Frontier Airlines Inc.,SkyWest Airlines Inc.,Delta Air Lines Inc.,Southwest Airlines Co.,United Air Lines Inc.,Allegiant Air,Commutair Aka Champlain Enterprises, Inc.,Comair Inc.,JetBlue Airways,Envoy Air,Alaska Airlines Inc.,GoJet Airlines, LLC d/b/a United Express,Endeavor Air Inc."
DE,Frontier Airlines Inc.
"Dallas,","SkyWest Airlines Inc.,Southwest Airlines Co.,Alaska Airlines Inc.,Delta Air Lines Inc."
Dallas/Fort,"Mesa Airlines Inc.,American Airlines Inc.,Republic Airlines,Frontier Airlines Inc.,SkyWest Airlines Inc.,Delta Air Lines Inc.,United Air Lines Inc.,Comair Inc.,Spirit Air Lines,Horizon Air,JetBlue Airways,Envoy Air,Alaska Airlines Inc.,Endeavor Air Inc."
"Dayton,","Mesa Airlines Inc.,Capital Cargo International,Allegiant Air,Air Wisconsin Airlines Corp,Comair Inc.,Envoy Air,Republic Airlines,SkyWest Airlines Inc.,Delta Air Lines Inc.,GoJet Airlines, LLC d/b/a United Express,Endeavor Air Inc.,United Air Lines Inc."
Daytona,"Mesa Airlines Inc.,American Airlines Inc.,Comair Inc.,Envoy Air,Delta Air Lines Inc."
"Deadhorse,","Horizon Air,Alaska Airlines Inc."
"Decatur,",SkyWest Airlines Inc.
Del,"Envoy Air,SkyWest Airlines Inc."
"Denver,","American Airlines Inc.,Commutair Aka Champlain Enterprises, Inc.,Allegiant Air,Spirit Air Lines,JetBlue Airways,Envoy Air,Frontier Airlines Inc.,SkyWest Airlines Inc.,Southwest Airlines Co.,Alaska Airlines Inc.,Delta Air Lines Inc.,United Air Lines Inc."
Des,"Mesa Airlines Inc.,American Airlines Inc.,Air Wisconsin Airlines Corp,Republic Airlines,Frontier Airlines Inc.,SkyWest Airlines Inc.,Southwest Airlines Co.,Delta Air Lines Inc.,United Air Lines Inc.,Allegiant Air,Commutair Aka Champlain Enterprises, Inc.,Comair Inc.,Envoy Air,GoJet Airlines, LLC d/b/a United Express,Endeavor Air Inc."
"Detroit,","Mesa Airlines Inc.,American Airlines Inc.,Capital Cargo International,Air Wisconsin Airlines Corp,Republic Airlines,Frontier Airlines Inc.,SkyWest Airlines Inc.,Delta Air Lines Inc.,Southwest Airlines Co.,United Air Lines Inc.,Commutair Aka Champlain Enterprises, Inc.,Comair Inc.,Spirit Air Lines,JetBlue Airways,Envoy Air,Alaska Airlines Inc.,GoJet Airlines, LLC d/b/a United Express,Endeavor Air Inc."
Devils,SkyWest Airlines Inc.
"Dickinson,","Commutair Aka Champlain Enterprises, Inc.,SkyWest Airlines Inc."
"Diego,","American Airlines Inc.,Allegiant Air,Spirit Air Lines,Horizon Air,JetBlue Airways,Frontier Airlines Inc.,SkyWest Airlines Inc.,Southwest Airlines Co.,Alaska Airlines Inc.,Delta Air Lines Inc.,United Air Lines Inc.,Hawaiian Airlines Inc."
"Dillingham,","Horizon Air,Alaska Airlines Inc."
Dodge,SkyWest Airlines Inc.
"Dodge,",SkyWest Airlines Inc.
"Dothan,",Endeavor Air Inc.
"Dubuque,",Envoy Air
"Duluth,","Air Wisconsin Airlines Corp,Republic Airlines,SkyWest Airlines Inc.,Endeavor Air Inc."
"Durango,","Mesa Airlines Inc.,Commutair Aka Champlain Enterprises, Inc.,Frontier Airlines Inc.,SkyWest Airlines Inc."
"Eagle,","American Airlines Inc.,SkyWest Airlines Inc.,Delta Air Lines Inc.,United Air Lines Inc."
Eau,SkyWest Airlines Inc.
El,"Mesa Airlines Inc.,American Airlines Inc.,Allegiant Air,Commutair Aka Champlain Enterprises, Inc.,Horizon Air,Envoy Air,Frontier Airlines Inc.,Republic Airlines,SkyWest Airlines Inc.,Alaska Airlines Inc.,Delta Air Lines Inc.,Southwest Airlines Co.,United Air Lines Inc."
"Elko,",SkyWest Airlines Inc.
"Elmira/Corning,","Allegiant Air,SkyWest Airlines Inc."
"Erie,","Capital Cargo International,Air Wisconsin Airlines Corp,Comair Inc."
"Escanaba,",SkyWest Airlines Inc.
"Eugene,","Mesa Airlines Inc.,American Airlines Inc.,Allegiant Air,Horizon Air,SkyWest Airlines Inc.,Southwest Airlines Co.,United Air Lines Inc."
"Evansville,","Capital Cargo International,Allegiant Air,Air Wisconsin Airlines Corp,Envoy Air,SkyWest Airlines Inc.,Delta Air Lines Inc.,Endeavor Air Inc."
"Everett,","Horizon Air,Alaska Airlines Inc."
FL,"Mesa Airlines Inc.,American Airlines Inc.,Capital Cargo International,Air Wisconsin Airlines Corp,Republic Airlines,Frontier Airlines Inc.,SkyWest Airlines Inc.,Southwest Airlines Co.,Delta Air Lines Inc.,United Air Lines Inc.,Hawaiian Airlines Inc.,Commutair Aka Champlain Enterprises, Inc.,Allegiant Air,Comair Inc.,Spirit Air Lines,JetBlue Airways,Envoy Air,Alaska Airlines Inc.,Endeavor Air Inc."
"Fairbanks,","Horizon Air,Alaska Airlines Inc.,Delta Air Lines Inc.,United Air Lines Inc."
"Falls,","Mesa Airlines Inc.,Air Wisconsin Airlines Corp,Republic Airlines,Frontier Airlines Inc.,SkyWest Airlines Inc.,Delta Air Lines Inc.,United Air Lines Inc.,Commutair Aka Champlain Enterprises, Inc.,Allegiant Air,Comair Inc.,Spirit Air Lines,Horizon Air,Envoy Air,GoJet Airlines, LLC d/b/a United Express,Endeavor Air Inc."
"Fargo,","Mesa Airlines Inc.,Allegiant Air,Air Wisconsin Airlines Corp,Envoy Air,Frontier Airlines Inc.,Republic Airlines,SkyWest Airlines Inc.,Delta Air Lines Inc.,GoJet Airlines, LLC d/b/a United Express,Endeavor Air Inc."
"Fayetteville,","Mesa Airlines Inc.,American Airlines Inc.,Capital Cargo International,Air Wisconsin Airlines Corp,Republic Airlines,Frontier Airlines Inc.,SkyWest Airlines Inc.,Delta Air Lines Inc.,Commutair Aka Champlain Enterprises, Inc.,Allegiant Air,Comair Inc.,Envoy Air,GoJet Airlines, LLC d/b/a United Express,Endeavor Air Inc."
"Fe,","Commutair Aka Champlain Enterprises, Inc.,SkyWest Airlines Inc."
"Flagstaff,","Commutair Aka Champlain Enterprises, Inc.,SkyWest Airlines Inc."
"Flint,","Allegiant Air,Air Wisconsin Airlines Corp,Comair Inc.,Envoy Air,SkyWest Airlines Inc.,GoJet Airlines, LLC d/b/a United Express"
"Florence,",Capital Cargo International
"Forks,","Allegiant Air,SkyWest Airlines Inc.,Endeavor Air Inc."
Fort,"Mesa Airlines Inc.,American Airlines Inc.,Capital Cargo International,Air Wisconsin Airlines Corp,Republic Airlines,Frontier Airlines Inc.,SkyWest Airlines Inc.,Southwest Airlines Co.,Delta Air Lines Inc.,United Air Lines Inc.,Allegiant Air,Comair Inc.,Spirit Air Lines,JetBlue Airways,Envoy Air,Alaska Airlines Inc.,Endeavor Air Inc."
"Francisco,","American Airlines Inc.,Horizon Air,JetBlue Airways,Frontier Airlines Inc.,SkyWest Airlines Inc.,Southwest Airlines Co.,Alaska Airlines Inc.,Delta Air Lines Inc.,United Air Lines Inc.,Hawaiian Airlines Inc."
"Fresno,","Mesa Airlines Inc.,American Airlines Inc.,Allegiant Air,Horizon Air,Frontier Airlines Inc.,SkyWest Airlines Inc.,Alaska Airlines Inc.,Southwest Airlines Co.,United Air Lines Inc."
GA,"Mesa Airlines Inc.,American Airlines Inc.,Capital Cargo International,Air Wisconsin Airlines Corp,Republic Airlines,Frontier Airlines Inc.,SkyWest Airlines Inc.,Southwest Airlines Co.,Delta Air Lines Inc.,United Air Lines Inc.,Allegiant Air,Commutair Aka Champlain Enterprises, Inc.,Comair Inc.,Spirit Air Lines,JetBlue Airways,Envoy Air,Alaska Airlines Inc.,GoJet Airlines, LLC d/b/a United Express,Endeavor Air Inc."
"Gainesville,","Mesa Airlines Inc.,Capital Cargo International,Comair Inc.,Envoy Air,SkyWest Airlines Inc.,Delta Air Lines Inc.,Endeavor Air Inc."
Garden,Envoy Air
"George,",SkyWest Airlines Inc.
"Gillette,",SkyWest Airlines Inc.
"Girardeau,",SkyWest Airlines Inc.
"Gorda,",Allegiant Air
Grand,"Mesa Airlines Inc.,American Airlines Inc.,Capital Cargo International,Air Wisconsin Airlines Corp,Republic Airlines,Frontier Airlines Inc.,SkyWest Airlines Inc.,Delta Air Lines Inc.,Southwest Airlines Co.,United Air Lines Inc.,Allegiant Air,Commutair Aka Champlain Enterprises, Inc.,Comair Inc.,Envoy Air,GoJet Airlines, LLC d/b/a United Express,Endeavor Air Inc."
Great,"Allegiant Air,Horizon Air,SkyWest Airlines Inc.,United Air Lines Inc."
Green,"Air Wisconsin Airlines Corp,Envoy Air,Frontier Airlines Inc.,Republic Airlines,SkyWest Airlines Inc.,Delta Air Lines Inc.,GoJet Airlines, LLC d/b/a United Express,Endeavor Air Inc."
Greensboro/High,"American Airlines Inc.,Capital Cargo International,Allegiant Air,Air Wisconsin Airlines Corp,Comair Inc.,Envoy Air,Republic Airlines,Delta Air Lines Inc.,GoJet Airlines, LLC d/b/a United Express,Endeavor Air Inc."
"Greenville,",Capital Cargo International
"Greer,","Mesa Airlines Inc.,American Airlines Inc.,Capital Cargo International,Air Wisconsin Airlines Corp,Republic Airlines,SkyWest Airlines Inc.,Delta Air Lines Inc.,Southwest Airlines Co.,Allegiant Air,Commutair Aka Champlain Enterprises, Inc.,Comair Inc.,Envoy Air,GoJet Airlines, LLC d/b/a United Express,Endeavor Air Inc."
"Guam,",United Air Lines Inc.
"Gulfport/Biloxi,","Mesa Airlines Inc.,Commutair Aka Champlain Enterprises, Inc.,Allegiant Air,Comair Inc.,Envoy Air,SkyWest Airlines Inc.,Delta Air Lines Inc.,Endeavor Air Inc."
"Gunnison,","Mesa Airlines Inc.,American Airlines Inc.,SkyWest Airlines Inc."
"Gustavus,",Alaska Airlines Inc.
HI,"American Airlines Inc.,Alaska Airlines Inc.,Delta Air Lines Inc.,Southwest Airlines Co.,Hawaiian Airlines Inc.,United Air Lines Inc."
"Hagerstown,",Allegiant Air
"Hancock/Houghton,",SkyWest Airlines Inc.
Harlingen/San,"Mesa Airlines Inc.,Commutair Aka Champlain Enterprises, Inc.,Envoy Air,Frontier Airlines Inc.,SkyWest Airlines Inc.,Southwest Airlines Co."
"Harrisburg,","Mesa Airlines Inc.,American Airlines Inc.,Capital Cargo International,Air Wisconsin Airlines Corp,Republic Airlines,Frontier Airlines Inc.,SkyWest Airlines Inc.,Delta Air Lines Inc.,United Air Lines Inc.,Allegiant Air,Commutair Aka Champlain Enterprises, Inc.,Comair Inc.,Envoy Air,GoJet Airlines, LLC d/b/a United Express,Endeavor Air Inc."
"Hartford,","Mesa Airlines Inc.,American Airlines Inc.,Capital Cargo International,Comair Inc.,Spirit Air Lines,JetBlue Airways,Envoy Air,Frontier Airlines Inc.,Republic Airlines,SkyWest Airlines Inc.,Southwest Airlines Co.,Delta Air Lines Inc.,United Air Lines Inc."
"Hattiesburg/Laurel,",SkyWest Airlines Inc.
"Hayden,","American Airlines Inc.,Horizon Air,JetBlue Airways,Envoy Air,SkyWest Airlines Inc.,Southwest Airlines Co.,Delta Air Lines Inc.,United Air Lines Inc."
"Hays,",SkyWest Airlines Inc.
"Head,","Mesa Airlines Inc.,Envoy Air,Republic Airlines,GoJet Airlines, LLC d/b/a United Express"
"Helena,","Commutair Aka Champlain Enterprises, Inc.,Horizon Air,SkyWest Airlines Inc."
"Hibbing,",SkyWest Airlines Inc.
"Hilo,","Southwest Airlines Co.,Hawaiian Airlines Inc.,United Air Lines Inc."
Hilton,"Mesa Airlines Inc.,Envoy Air,Republic Airlines,GoJet Airlines, LLC d/b/a United Express"
"Hobbs,","Commutair Aka Champlain Enterprises, Inc.,SkyWest Airlines Inc."
"Honolulu,","American Airlines Inc.,Alaska Airlines Inc.,Delta Air Lines Inc.,Southwest Airlines Co.,Hawaiian Airlines Inc.,United Air Lines Inc."
"Houston,","Mesa Airlines Inc.,American Airlines Inc.,Republic Airlines,Frontier Airlines Inc.,SkyWest Airlines Inc.,Delta Air Lines Inc.,Southwest Airlines Co.,United Air Lines Inc.,Allegiant Air,Commutair Aka Champlain Enterprises, Inc.,Comair Inc.,Spirit Air Lines,JetBlue Airways,Envoy Air,Alaska Airlines Inc."
"Huntsville,","Mesa Airlines Inc.,Commutair Aka Champlain Enterprises, Inc.,Capital Cargo International,Air Wisconsin Airlines Corp,Comair Inc.,Envoy Air,Frontier Airlines Inc.,Republic Airlines,SkyWest Airlines Inc.,Delta Air Lines Inc.,Endeavor Air Inc."
"Hyannis,",JetBlue Airways
IA,"Mesa Airlines Inc.,American Airlines Inc.,Air Wisconsin Airlines Corp,Republic Airlines,Frontier Airlines Inc.,SkyWest Airlines Inc.,Southwest Airlines Co.,Delta Air Lines Inc.,United Air Lines Inc.,Allegiant Air,Commutair Aka Champlain Enterprises, Inc.,Comair Inc.,Envoy Air,GoJet Airlines, LLC d/b/a United Express,Endeavor Air Inc."
ID,"Mesa Airlines Inc.,American Airlines Inc.,Commutair Aka Champlain Enterprises, Inc.,Allegiant Air,Horizon Air,Envoy Air,SkyWest Airlines Inc.,Southwest Airlines Co.,Alaska Airlines Inc.,Delta Air Lines Inc.,United Air Lines Inc."
IL,"Mesa Airlines Inc.,American Airlines Inc.,Capital Cargo International,Air Wisconsin Airlines Corp,Republic Airlines,Frontier Airlines Inc.,SkyWest Airlines Inc.,Delta Air Lines Inc.,Southwest Airlines Co.,United Air Lines Inc.,Allegiant Air,Comair Inc.,Spirit Air Lines,Horizon Air,JetBlue Airways,Envoy Air,Alaska Airlines Inc.,GoJet Airlines, LLC d/b/a United Express,Endeavor Air Inc."
IN,"Mesa Airlines Inc.,American Airlines Inc.,Capital Cargo International,Air Wisconsin Airlines Corp,Republic Airlines,Frontier Airlines Inc.,SkyWest Airlines Inc.,Southwest Airlines Co.,Delta Air Lines Inc.,United Air Lines Inc.,Commutair Aka Champlain Enterprises, Inc.,Allegiant Air,Comair Inc.,Spirit Air Lines,Envoy Air,Alaska Airlines Inc.,GoJet Airlines, LLC d/b/a United Express,Endeavor Air Inc."
Idaho,"Commutair Aka Champlain Enterprises, Inc.,Allegiant Air,Horizon Air,SkyWest Airlines Inc.,Delta Air Lines Inc."
"Indianapolis,","Mesa Airlines Inc.,American Airlines Inc.,Capital Cargo International,Air Wisconsin Airlines Corp,Republic Airlines,Frontier Airlines Inc.,SkyWest Airlines Inc.,Delta Air Lines Inc.,Southwest Airlines Co.,United Air Lines Inc.,Allegiant Air,Commutair Aka Champlain Enterprises, Inc.,Comair Inc.,Spirit Air Lines,Envoy Air,Alaska Airlines Inc.,GoJet Airlines, LLC d/b/a United Express,Endeavor Air Inc."
International,SkyWest Airlines Inc.
Iron,SkyWest Airlines Inc.
"Island,","Allegiant Air,Envoy Air,Alaska Airlines Inc."
"Isle/Houlton,","GoJet Airlines, LLC d/b/a United Express"
"Islip,","Capital Cargo International,Frontier Airlines Inc.,Southwest Airlines Co."
"Ithaca/Cortland,","Capital Cargo International,Air Wisconsin Airlines Corp,Comair Inc.,Republic Airlines,SkyWest Airlines Inc.,GoJet Airlines, LLC d/b/a United Express,Endeavor Air Inc."
"Jackson,","American Airlines Inc.,SkyWest Airlines Inc.,Delta Air Lines Inc.,Alaska Airlines Inc.,United Air Lines Inc."
"Jackson/Vicksburg,","Mesa Airlines Inc.,Commutair Aka Champlain Enterprises, Inc.,Capital Cargo International,Comair Inc.,Envoy Air,Republic Airlines,SkyWest Airlines Inc.,Southwest Airlines Co.,Delta Air Lines Inc.,Endeavor Air Inc."
"Jacksonville,","Mesa Airlines Inc.,American Airlines Inc.,Commutair Aka Champlain Enterprises, Inc.,Allegiant Air,Comair Inc.,JetBlue Airways,Envoy Air,Frontier Airlines Inc.,Republic Airlines,SkyWest Airlines Inc.,Southwest Airlines Co.,Delta Air Lines Inc.,United Air Lines Inc."
Jacksonville/Camp,"Capital Cargo International,Comair Inc.,Delta Air Lines Inc.,Endeavor Air Inc."
"Jamestown,",SkyWest Airlines Inc.
"Johnstown,",SkyWest Airlines Inc.
"Joplin,",SkyWest Airlines Inc.
"Jose,","Mesa Airlines Inc.,American Airlines Inc.,Horizon Air,JetBlue Airways,Envoy Air,SkyWest Airlines Inc.,Alaska Airlines Inc.,Delta Air Lines Inc.,Southwest Airlines Co.,Hawaiian Airlines Inc.,United Air Lines Inc."
"Juan,","American Airlines Inc.,Spirit Air Lines,JetBlue Airways,Frontier Airlines Inc.,Delta Air Lines Inc.,Southwest Airlines Co.,United Air Lines Inc."
"Junction,","Mesa Airlines Inc.,Commutair Aka Champlain Enterprises, Inc.,Allegiant Air,Envoy Air,Frontier Airlines Inc.,SkyWest Airlines Inc.,United Air Lines Inc."
"Juneau,","Alaska Airlines Inc.,Delta Air Lines Inc."
KS,"Mesa Airlines Inc.,American Airlines Inc.,Air Wisconsin Airlines Corp,Republic Airlines,Frontier Airlines Inc.,SkyWest Airlines Inc.,Southwest Airlines Co.,Delta Air Lines Inc.,United Air Lines Inc.,Commutair Aka Champlain Enterprises, Inc.,Allegiant Air,Horizon Air,Envoy Air,Endeavor Air Inc."
KY,"Mesa Airlines Inc.,American Airlines Inc.,Capital Cargo International,Air Wisconsin Airlines Corp,Republic Airlines,Frontier Airlines Inc.,SkyWest Airlines Inc.,Southwest Airlines Co.,Delta Air Lines Inc.,United Air Lines Inc.,Allegiant Air,Commutair Aka Champlain Enterprises, Inc.,Comair Inc.,Spirit Air Lines,Envoy Air,GoJet Airlines, LLC d/b/a United Express,Endeavor Air Inc."
"Kahului,","American Airlines Inc.,Southwest Airlines Co.,Alaska Airlines Inc.,Delta Air Lines Inc.,United Air Lines Inc.,Hawaiian Airlines Inc."
"Kalamazoo,","Envoy Air,SkyWest Airlines Inc.,Endeavor Air Inc."
"Kalispell,","Mesa Airlines Inc.,American Airlines Inc.,Allegiant Air,Horizon Air,Republic Airlines,Frontier Airlines Inc.,SkyWest Airlines Inc.,Delta Air Lines Inc.,United Air Lines Inc."
Kansas,"Mesa Airlines Inc.,American Airlines Inc.,Republic Airlines,Frontier Airlines Inc.,SkyWest Airlines Inc.,Southwest Airlines Co.,Delta Air Lines Inc.,United Air Lines Inc.,Allegiant Air,Comair Inc.,Spirit Air Lines,Horizon Air,JetBlue Airways,Envoy Air,Alaska Airlines Inc.,GoJet Airlines, LLC d/b/a United Express,Endeavor Air Inc."
"Kearney,",SkyWest Airlines Inc.
"Ketchikan,","SkyWest Airlines Inc.,Alaska Airlines Inc."
Key,"Mesa Airlines Inc.,American Airlines Inc.,Allegiant Air,JetBlue Airways,Envoy Air,Republic Airlines,Delta Air Lines Inc.,Endeavor Air Inc."
"Killeen,","Mesa Airlines Inc.,Envoy Air,SkyWest Airlines Inc."
King,"Horizon Air,Alaska Airlines Inc."
"Knoxville,","Mesa Airlines Inc.,American Airlines Inc.,Commutair Aka Champlain Enterprises, Inc.,Capital Cargo International,Air Wisconsin Airlines Corp,Allegiant Air,Comair Inc.,Envoy Air,Frontier Airlines Inc.,SkyWest Airlines Inc.,Delta Air Lines Inc.,GoJet Airlines, LLC d/b/a United Express,Endeavor Air Inc."
"Kodiak,",Alaska Airlines Inc.
"Kona,","American Airlines Inc.,Southwest Airlines Co.,Alaska Airlines Inc.,Delta Air Lines Inc.,United Air Lines Inc.,Hawaiian Airlines Inc."
"Kotzebue,",Alaska Airlines Inc.
LA,"Mesa Airlines Inc.,American Airlines Inc.,Republic Airlines,Frontier Airlines Inc.,SkyWest Airlines Inc.,Southwest Airlines Co.,Delta Air Lines Inc.,United Air Lines Inc.,Commutair Aka Champlain Enterprises, Inc.,Allegiant Air,Comair Inc.,Spirit Air Lines,JetBlue Airways,Envoy Air,Alaska Airlines Inc.,Endeavor Air Inc."
La,"Envoy Air,SkyWest Airlines Inc."
"Lafayette,","Mesa Airlines Inc.,Commutair Aka Champlain Enterprises, Inc.,Comair Inc.,Envoy Air,SkyWest Airlines Inc.,Endeavor Air Inc."
Lake,"Mesa Airlines Inc.,American Airlines Inc.,Republic Airlines,Frontier Airlines Inc.,SkyWest Airlines Inc.,Southwest Airlines Co.,Delta Air Lines Inc.,United Air Lines Inc.,Commutair Aka Champlain Enterprises, Inc.,Horizon Air,Spirit Air Lines,JetBlue Airways,Envoy Air,Alaska Airlines Inc."
"Lake,",SkyWest Airlines Inc.
"Lansing,","Comair Inc.,Envoy Air,SkyWest Airlines Inc.,Endeavor Air Inc."
"Laramie,",SkyWest Airlines Inc.
"Laredo,","Commutair Aka Champlain Enterprises, Inc.,Allegiant Air,Envoy Air,SkyWest Airlines Inc."
Las,"American Airlines Inc.,Allegiant Air,Spirit Air Lines,Horizon Air,JetBlue Airways,Frontier Airlines Inc.,SkyWest Airlines Inc.,Southwest Airlines Co.,Alaska Airlines Inc.,Delta Air Lines Inc.,United Air Lines Inc.,Hawaiian Airlines Inc."
"Latrobe,",Spirit Air Lines
"Lauderdale,","American Airlines Inc.,Allegiant Air,Spirit Air Lines,JetBlue Airways,Frontier Airlines Inc.,Southwest Airlines Co.,Alaska Airlines Inc.,Delta Air Lines Inc.,United Air Lines Inc."
Lawton/Fort,"Envoy Air,SkyWest Airlines Inc."
"Lejeune,","Capital Cargo International,Comair Inc.,Delta Air Lines Inc.,Endeavor Air Inc."
Leonard,SkyWest Airlines Inc.
"Lewisburg,",SkyWest Airlines Inc.
"Lewiston,",SkyWest Airlines Inc.
"Lexington,","Capital Cargo International,Allegiant Air,Air Wisconsin Airlines Corp,Comair Inc.,Envoy Air,Republic Airlines,SkyWest Airlines Inc.,Delta Air Lines Inc.,GoJet Airlines, LLC d/b/a United Express,Endeavor Air Inc."
"Liberal,",SkyWest Airlines Inc.
"Lihue,","American Airlines Inc.,Alaska Airlines Inc.,Delta Air Lines Inc.,Southwest Airlines Co.,Hawaiian Airlines Inc.,United Air Lines Inc."
"Lincoln,","Commutair Aka Champlain Enterprises, Inc.,Air Wisconsin Airlines Corp,SkyWest Airlines Inc.,GoJet Airlines, LLC d/b/a United Express"
Little,"Mesa Airlines Inc.,American Airlines Inc.,Commutair Aka Champlain Enterprises, Inc.,Allegiant Air,Air Wisconsin Airlines Corp,Comair Inc.,Envoy Air,Frontier Airlines Inc.,SkyWest Airlines Inc.,Southwest Airlines Co.,Delta Air Lines Inc.,GoJet Airlines, LLC d/b/a United Express"
Long,"Mesa Airlines Inc.,SkyWest Airlines Inc.,Southwest Airlines Co.,Delta Air Lines Inc.,Hawaiian Airlines Inc."
"Longview,",Envoy Air
Los,"American Airlines Inc.,Allegiant Air,Spirit Air Lines,Horizon Air,JetBlue Airways,SkyWest Airlines Inc.,Southwest Airlines Co.,Alaska Airlines Inc.,Delta Air Lines Inc.,United Air Lines Inc.,Hawaiian Airlines Inc."
"Louis,","Mesa Airlines Inc.,American Airlines Inc.,Air Wisconsin Airlines Corp,Republic Airlines,Frontier Airlines Inc.,SkyWest Airlines Inc.,Delta Air Lines Inc.,Southwest Airlines Co.,United Air Lines Inc.,Commutair Aka Champlain Enterprises, Inc.,Comair Inc.,Spirit Air Lines,Envoy Air,Alaska Airlines Inc.,GoJet Airlines, LLC d/b/a United Express,Endeavor Air Inc."
"Louisville,","Mesa Airlines Inc.,American Airlines Inc.,Capital Cargo International,Air Wisconsin Airlines Corp,Republic Airlines,Frontier Airlines Inc.,SkyWest Airlines Inc.,Delta Air Lines Inc.,Southwest Airlines Co.,United Air Lines Inc.,Allegiant Air,Commutair Aka Champlain Enterprises, Inc.,Comair Inc.,Spirit Air Lines,Envoy Air,GoJet Airlines, LLC d/b/a United Express,Endeavor Air Inc."
"Lubbock,","Mesa Airlines Inc.,American Airlines Inc.,Commutair Aka Champlain Enterprises, Inc.,Envoy Air,SkyWest Airlines Inc.,Southwest Airlines Co."
Luis,"Horizon Air,Envoy Air,SkyWest Airlines Inc."
"Lynchburg,","Capital Cargo International,Comair Inc."
MA,"Mesa Airlines Inc.,American Airlines Inc.,Capital Cargo International,Republic Airlines,Frontier Airlines Inc.,SkyWest Airlines Inc.,Southwest Airlines Co.,Delta Air Lines Inc.,United Air Lines Inc.,Hawaiian Airlines Inc.,Allegiant Air,Spirit Air Lines,JetBlue Airways,Envoy Air,Alaska Airlines Inc.,GoJet Airlines, LLC d/b/a United Express,Endeavor Air Inc."
MD,"Mesa Airlines Inc.,American Airlines Inc.,Capital Cargo International,Air Wisconsin Airlines Corp,Republic Airlines,Frontier Airlines Inc.,SkyWest Airlines Inc.,Delta Air Lines Inc.,Southwest Airlines Co.,United Air Lines Inc.,Allegiant Air,Comair Inc.,Spirit Air Lines,JetBlue Airways,Envoy Air,Alaska Airlines Inc.,GoJet Airlines, LLC d/b/a United Express,Endeavor Air Inc."
ME,"American Airlines Inc.,Capital Cargo International,Air Wisconsin Airlines Corp,Republic Airlines,Frontier Airlines Inc.,SkyWest Airlines Inc.,Southwest Airlines Co.,Delta Air Lines Inc.,United Air Lines Inc.,Allegiant Air,Commutair Aka Champlain Enterprises, Inc.,Comair Inc.,JetBlue Airways,Envoy Air,GoJet Airlines, LLC d/b/a United Express,Endeavor Air Inc."
MI,"Mesa Airlines Inc.,American Airlines Inc.,Capital Cargo International,Air Wisconsin Airlines Corp,Republic Airlines,Frontier Airlines Inc.,SkyWest Airlines Inc.,Southwest Airlines Co.,Delta Air Lines Inc.,United Air Lines Inc.,Allegiant Air,Commutair Aka Champlain Enterprises, Inc.,Comair Inc.,Spirit Air Lines,JetBlue Airways,Envoy Air,Alaska Airlines Inc.,GoJet Airlines, LLC d/b/a United Express,Endeavor Air Inc."
MN,"Mesa Airlines Inc.,American Airlines Inc.,Air Wisconsin Airlines Corp,Republic Airlines,Frontier Airlines Inc.,SkyWest Airlines Inc.,Delta Air Lines Inc.,Southwest Airlines Co.,United Air Lines Inc.,Allegiant Air,Comair Inc.,Spirit Air Lines,Horizon Air,JetBlue Airways,Envoy Air,Alaska Airlines Inc.,Endeavor Air Inc."
MO,"Mesa Airlines Inc.,American Airlines Inc.,Air Wisconsin Airlines Corp,Republic Airlines,Frontier Airlines Inc.,SkyWest Airlines Inc.,Delta Air Lines Inc.,Southwest Airlines Co.,United Air Lines Inc.,Allegiant Air,Commutair Aka Champlain Enterprises, Inc.,Comair Inc.,Spirit Air Lines,Horizon Air,JetBlue Airways,Envoy Air,Alaska Airlines Inc.,GoJet Airlines, LLC d/b/a United Express,Endeavor Air Inc."
MS,"Mesa Airlines Inc.,Allegiant Air,Commutair Aka Champlain Enterprises, Inc.,Capital Cargo International,Comair Inc.,Envoy Air,Republic Airlines,SkyWest Airlines Inc.,Delta Air Lines Inc.,Southwest Airlines Co.,Endeavor Air Inc."
MT,"Mesa Airlines Inc.,American Airlines Inc.,Republic Airlines,Frontier Airlines Inc.,SkyWest Airlines Inc.,Southwest Airlines Co.,Delta Air Lines Inc.,United Air Lines Inc.,Allegiant Air,Commutair Aka Champlain Enterprises, Inc.,Horizon Air,JetBlue Airways,Envoy Air,Alaska Airlines Inc."
"Madison,","Mesa Airlines Inc.,American Airlines Inc.,Capital Cargo International,Air Wisconsin Airlines Corp,Comair Inc.,Envoy Air,Frontier Airlines Inc.,Republic Airlines,SkyWest Airlines Inc.,Delta Air Lines Inc.,GoJet Airlines, LLC d/b/a United Express,Endeavor Air Inc.,United Air Lines Inc."
"Manchester,","American Airlines Inc.,Capital Cargo International,Air Wisconsin Airlines Corp,Comair Inc.,Spirit Air Lines,Republic Airlines,Envoy Air,SkyWest Airlines Inc.,Southwest Airlines Co.,GoJet Airlines, LLC d/b/a United Express"
Manhattan/Ft.,"Envoy Air,SkyWest Airlines Inc."
"Maria,",Allegiant Air
"Marie,",SkyWest Airlines Inc.
"Marquette,","Envoy Air,SkyWest Airlines Inc."
Martha's,"JetBlue Airways,Republic Airlines"
Mason,SkyWest Airlines Inc.
"Medford,","Mesa Airlines Inc.,Allegiant Air,Horizon Air,SkyWest Airlines Inc.,United Air Lines Inc."
"Melbourne,","Mesa Airlines Inc.,Allegiant Air,Comair Inc.,Delta Air Lines Inc."
"Memphis,","Mesa Airlines Inc.,American Airlines Inc.,Air Wisconsin Airlines Corp,Republic Airlines,Frontier Airlines Inc.,SkyWest Airlines Inc.,Delta Air Lines Inc.,Southwest Airlines Co.,United Air Lines Inc.,Allegiant Air,Commutair Aka Champlain Enterprises, Inc.,Comair Inc.,Spirit Air Lines,Envoy Air,GoJet Airlines, LLC d/b/a United Express,Endeavor Air Inc."
"Meridian,",SkyWest Airlines Inc.
"Miami,","Mesa Airlines Inc.,American Airlines Inc.,Spirit Air Lines,JetBlue Airways,Envoy Air,Frontier Airlines Inc.,Republic Airlines,Southwest Airlines Co.,Delta Air Lines Inc.,Alaska Airlines Inc.,United Air Lines Inc.,Endeavor Air Inc."
"Midland/Odessa,","Mesa Airlines Inc.,Commutair Aka Champlain Enterprises, Inc.,Envoy Air,SkyWest Airlines Inc.,Southwest Airlines Co.,United Air Lines Inc."
"Milwaukee,","Mesa Airlines Inc.,American Airlines Inc.,Capital Cargo International,Air Wisconsin Airlines Corp,Republic Airlines,Frontier Airlines Inc.,SkyWest Airlines Inc.,Southwest Airlines Co.,Delta Air Lines Inc.,United Air Lines Inc.,Comair Inc.,Spirit Air Lines,JetBlue Airways,Envoy Air,Alaska Airlines Inc.,GoJet Airlines, LLC d/b/a United Express,Endeavor Air Inc."
"Minneapolis,","Mesa Airlines Inc.,American Airlines Inc.,Republic Airlines,Frontier Airlines Inc.,SkyWest Airlines Inc.,Southwest Airlines Co.,Delta Air Lines Inc.,United Air Lines Inc.,Allegiant Air,Comair Inc.,Spirit Air Lines,Horizon Air,JetBlue Airways,Envoy Air,Alaska Airlines Inc.,Endeavor Air Inc."
"Minot,","Allegiant Air,SkyWest Airlines Inc.,Endeavor Air Inc."
"Mission/McAllen/Edinburg,","Mesa Airlines Inc.,American Airlines Inc.,Commutair Aka Champlain Enterprises, Inc.,Allegiant Air,Envoy Air,SkyWest Airlines Inc.,United Air Lines Inc."
"Missoula,","American Airlines Inc.,Allegiant Air,Horizon Air,Envoy Air,Frontier Airlines Inc.,SkyWest Airlines Inc.,Delta Air Lines Inc.,United Air Lines Inc."
"Moab,",SkyWest Airlines Inc.
"Mobile,","Mesa Airlines Inc.,Capital Cargo International,Commutair Aka Champlain Enterprises, Inc.,Comair Inc.,Envoy Air,SkyWest Airlines Inc.,Delta Air Lines Inc.,Endeavor Air Inc."
"Moines,","Mesa Airlines Inc.,American Airlines Inc.,Air Wisconsin Airlines Corp,Republic Airlines,Frontier Airlines Inc.,SkyWest Airlines Inc.,Southwest Airlines Co.,Delta Air Lines Inc.,United Air Lines Inc.,Allegiant Air,Commutair Aka Champlain Enterprises, Inc.,Comair Inc.,Envoy Air,GoJet Airlines, LLC d/b/a United Express,Endeavor Air Inc."
"Moline,","Mesa Airlines Inc.,Allegiant Air,Air Wisconsin Airlines Corp,Envoy Air,SkyWest Airlines Inc.,Endeavor Air Inc."
"Monroe,","Commutair Aka Champlain Enterprises, Inc.,Envoy Air,SkyWest Airlines Inc.,Endeavor Air Inc."
"Monterey,","Mesa Airlines Inc.,Allegiant Air,Horizon Air,Envoy Air,SkyWest Airlines Inc."
"Montgomery,","Mesa Airlines Inc.,Capital Cargo International,Comair Inc.,Envoy Air,SkyWest Airlines Inc.,Endeavor Air Inc."
"Montrose/Delta,","Mesa Airlines Inc.,American Airlines Inc.,Envoy Air,SkyWest Airlines Inc.,Southwest Airlines Co.,Delta Air Lines Inc.,United Air Lines Inc."
"Mosinee,","Air Wisconsin Airlines Corp,Envoy Air,Endeavor Air Inc."
"Mountain/Kingsfd,",SkyWest Airlines Inc.
"Muskegon,",SkyWest Airlines Inc.
"Myers,","Mesa Airlines Inc.,American Airlines Inc.,Comair Inc.,Spirit Air Lines,JetBlue Airways,Republic Airlines,Frontier Airlines Inc.,Envoy Air,Southwest Airlines Co.,Alaska Airlines Inc.,Delta Air Lines Inc.,United Air Lines Inc.,Endeavor Air Inc."
Myrtle,"Mesa Airlines Inc.,American Airlines Inc.,Capital Cargo International,Air Wisconsin Airlines Corp,Republic Airlines,Frontier Airlines Inc.,SkyWest Airlines Inc.,Southwest Airlines Co.,Delta Air Lines Inc.,United Air Lines Inc.,Allegiant Air,Commutair Aka Champlain Enterprises, Inc.,Comair Inc.,Spirit Air Lines,Envoy Air,GoJet Airlines, LLC d/b/a United Express,Endeavor Air Inc."
NC,"Mesa Airlines Inc.,American Airlines Inc.,Capital Cargo International,Air Wisconsin Airlines Corp,Republic Airlines,Frontier Airlines Inc.,SkyWest Airlines Inc.,Delta Air Lines Inc.,Southwest Airlines Co.,United Air Lines Inc.,Allegiant Air,Commutair Aka Champlain Enterprises, Inc.,Comair Inc.,Spirit Air Lines,JetBlue Airways,Envoy Air,Alaska Airlines Inc.,GoJet Airlines, LLC d/b/a United Express,Endeavor Air Inc."
ND,"Mesa Airlines Inc.,Commutair Aka Champlain Enterprises, Inc.,Allegiant Air,Air Wisconsin Airlines Corp,Envoy Air,Frontier Airlines Inc.,Republic Airlines,SkyWest Airlines Inc.,Delta Air Lines Inc.,GoJet Airlines, LLC d/b/a United Express,Endeavor Air Inc."
NE,"Mesa Airlines Inc.,American Airlines Inc.,Air Wisconsin Airlines Corp,Republic Airlines,Frontier Airlines Inc.,SkyWest Airlines Inc.,Southwest Airlines Co.,Delta Air Lines Inc.,United Air Lines Inc.,Commutair Aka Champlain Enterprises, Inc.,Allegiant Air,Comair Inc.,Envoy Air,Alaska Airlines Inc.,GoJet Airlines, LLC d/b/a United Express,Endeavor Air Inc."
NH,"American Airlines Inc.,Capital Cargo International,Allegiant Air,Air Wisconsin Airlines Corp,Comair Inc.,Spirit Air Lines,Republic Airlines,Envoy Air,SkyWest Airlines Inc.,Southwest Airlines Co.,GoJet Airlines, LLC d/b/a United Express"
NJ,"American Airlines Inc.,Republic Airlines,Frontier Airlines Inc.,SkyWest Airlines Inc.,Delta Air Lines Inc.,United Air Lines Inc.,Allegiant Air,Comair Inc.,Spirit Air Lines,JetBlue Airways,Envoy Air,Alaska Airlines Inc.,GoJet Airlines, LLC d/b/a United Express,Endeavor Air Inc."
NM,"Mesa Airlines Inc.,American Airlines Inc.,Republic Airlines,Frontier Airlines Inc.,SkyWest Airlines Inc.,Southwest Airlines Co.,Delta Air Lines Inc.,United Air Lines Inc.,Commutair Aka Champlain Enterprises, Inc.,Allegiant Air,Horizon Air,JetBlue Airways,Envoy Air,Alaska Airlines Inc."
NV,"Mesa Airlines Inc.,American Airlines Inc.,Frontier Airlines Inc.,SkyWest Airlines Inc.,Southwest Airlines Co.,Delta Air Lines Inc.,United Air Lines Inc.,Hawaiian Airlines Inc.,Allegiant Air,Spirit Air Lines,Horizon Air,JetBlue Airways,Envoy Air,Alaska Airlines Inc."
NY,"Mesa Airlines Inc.,American Airlines Inc.,Capital Cargo International,Air Wisconsin Airlines Corp,Republic Airlines,Frontier Airlines Inc.,SkyWest Airlines Inc.,Southwest Airlines Co.,Delta Air Lines Inc.,United Air Lines Inc.,Hawaiian Airlines Inc.,Commutair Aka Champlain Enterprises, Inc.,Allegiant Air,Comair Inc.,Spirit Air Lines,JetBlue Airways,Envoy Air,Alaska Airlines Inc.,GoJet Airlines, LLC d/b/a United Express,Endeavor Air Inc."
"Nantucket,","JetBlue Airways,Republic Airlines,GoJet Airlines, LLC d/b/a United Express,Endeavor Air Inc."
"Nashville,","Mesa Airlines Inc.,American Airlines Inc.,Capital Cargo International,Air Wisconsin Airlines Corp,Republic Airlines,Frontier Airlines Inc.,SkyWest Airlines Inc.,Southwest Airlines Co.,Delta Air Lines Inc.,United Air Lines Inc.,Commutair Aka Champlain Enterprises, Inc.,Allegiant Air,Comair Inc.,Spirit Air Lines,JetBlue Airways,Envoy Air,Alaska Airlines Inc.,GoJet Airlines, LLC d/b/a United Express,Endeavor Air Inc."
New,"Mesa Airlines Inc.,American Airlines Inc.,Air Wisconsin Airlines Corp,Republic Airlines,Frontier Airlines Inc.,SkyWest Airlines Inc.,Southwest Airlines Co.,Delta Air Lines Inc.,United Air Lines Inc.,Hawaiian Airlines Inc.,Allegiant Air,Comair Inc.,Spirit Air Lines,JetBlue Airways,Envoy Air,Alaska Airlines Inc.,GoJet Airlines, LLC d/b/a United Express,Endeavor Air Inc."
"Newark,","American Airlines Inc.,Republic Airlines,Frontier Airlines Inc.,SkyWest Airlines Inc.,Delta Air Lines Inc.,United Air Lines Inc.,Allegiant Air,Comair Inc.,Spirit Air Lines,JetBlue Airways,Envoy Air,Alaska Airlines Inc.,GoJet Airlines, LLC d/b/a United Express,Endeavor Air Inc."
"Newburgh/Poughkeepsie,","Allegiant Air,Frontier Airlines Inc."
Newport,"Capital Cargo International,Comair Inc."
"News/Williamsburg,","Capital Cargo International,Comair Inc."
Niagara,"Allegiant Air,Spirit Air Lines"
"Nome,",Alaska Airlines Inc.
"Norfolk,","Mesa Airlines Inc.,American Airlines Inc.,Capital Cargo International,Air Wisconsin Airlines Corp,Republic Airlines,Frontier Airlines Inc.,SkyWest Airlines Inc.,Southwest Airlines Co.,Delta Air Lines Inc.,United Air Lines Inc.,Commutair Aka Champlain Enterprises, Inc.,Allegiant Air,Comair Inc.,Envoy Air,GoJet Airlines, LLC d/b/a United Express,Endeavor Air Inc."
North,SkyWest Airlines Inc.
OH,"Mesa Airlines Inc.,American Airlines Inc.,Capital Cargo International,Air Wisconsin Airlines Corp,Republic Airlines,Frontier Airlines Inc.,SkyWest Airlines Inc.,Southwest Airlines Co.,Delta Air Lines Inc.,United Air Lines Inc.,Allegiant Air,Commutair Aka Champlain Enterprises, Inc.,Comair Inc.,Spirit Air Lines,JetBlue Airways,Envoy Air,Alaska Airlines Inc.,GoJet Airlines, LLC d/b/a United Express,Endeavor Air Inc."
OK,"Mesa Airlines Inc.,American Airlines Inc.,Air Wisconsin Airlines Corp,Republic Airlines,Frontier Airlines Inc.,SkyWest Airlines Inc.,Southwest Airlines Co.,Delta Air Lines Inc.,United Air Lines Inc.,Commutair Aka Champlain Enterprises, Inc.,Allegiant Air,Comair Inc.,Envoy Air,Alaska Airlines Inc.,Endeavor Air Inc."
OR,"Mesa Airlines Inc.,American Airlines Inc.,Allegiant Air,Spirit Air Lines,Horizon Air,JetBlue Airways,Frontier Airlines Inc.,SkyWest Airlines Inc.,Southwest Airlines Co.,Alaska Airlines Inc.,Delta Air Lines Inc.,United Air Lines Inc.,Hawaiian Airlines Inc."
"Oakland,","Allegiant Air,Spirit Air Lines,Horizon Air,Frontier Airlines Inc.,SkyWest Airlines Inc.,Southwest Airlines Co.,Alaska Airlines Inc.,Delta Air Lines Inc.,Hawaiian Airlines Inc."
"Obispo,","Horizon Air,Envoy Air,SkyWest Airlines Inc."
"Ogden,",Allegiant Air
"Ogdensburg,",SkyWest Airlines Inc.
Oklahoma,"Mesa Airlines Inc.,American Airlines Inc.,Allegiant Air,Commutair Aka Champlain Enterprises, Inc.,Comair Inc.,Envoy Air,Frontier Airlines Inc.,Republic Airlines,SkyWest Airlines Inc.,Alaska Airlines Inc.,Delta Air Lines Inc.,Southwest Airlines Co.,United Air Lines Inc."
"Omaha,","Mesa Airlines Inc.,American Airlines Inc.,Air Wisconsin Airlines Corp,Republic Airlines,Frontier Airlines Inc.,SkyWest Airlines Inc.,Southwest Airlines Co.,Delta Air Lines Inc.,United Air Lines Inc.,Commutair Aka Champlain Enterprises, Inc.,Allegiant Air,Comair Inc.,Envoy Air,Alaska Airlines Inc.,GoJet Airlines, LLC d/b/a United Express,Endeavor Air Inc."
"Ontario,","Mesa Airlines Inc.,American Airlines Inc.,Horizon Air,JetBlue Airways,Frontier Airlines Inc.,SkyWest Airlines Inc.,Alaska Airlines Inc.,Delta Air Lines Inc.,Southwest Airlines Co.,Hawaiian Airlines Inc.,United Air Lines Inc."
"Orlando,","American Airlines Inc.,Spirit Air Lines,JetBlue Airways,Republic Airlines,Frontier Airlines Inc.,Southwest Airlines Co.,Alaska Airlines Inc.,Delta Air Lines Inc.,United Air Lines Inc.,Hawaiian Airlines Inc."
"Orleans,","Mesa Airlines Inc.,American Airlines Inc.,Republic Airlines,Frontier Airlines Inc.,SkyWest Airlines Inc.,Southwest Airlines Co.,Delta Air Lines Inc.,United Air Lines Inc.,Allegiant Air,Comair Inc.,Spirit Air Lines,JetBlue Airways,Envoy Air,Alaska Airlines Inc.,Endeavor Air Inc."
"Owensboro,",Allegiant Air
PA,"Mesa Airlines Inc.,American Airlines Inc.,Capital Cargo International,Air Wisconsin Airlines Corp,Republic Airlines,Frontier Airlines Inc.,SkyWest Airlines Inc.,Southwest Airlines Co.,Delta Air Lines Inc.,United Air Lines Inc.,Allegiant Air,Commutair Aka Champlain Enterprises, Inc.,Comair Inc.,Spirit Air Lines,JetBlue Airways,Envoy Air,Alaska Airlines Inc.,GoJet Airlines, LLC d/b/a United Express,Endeavor Air Inc."
PR,"American Airlines Inc.,Spirit Air Lines,JetBlue Airways,Frontier Airlines Inc.,Southwest Airlines Co.,Delta Air Lines Inc.,United Air Lines Inc."
"Paducah,",SkyWest Airlines Inc.
Pago,Hawaiian Airlines Inc.
"Pago,",Hawaiian Airlines Inc.
Palm,"Mesa Airlines Inc.,American Airlines Inc.,Republic Airlines,Frontier Airlines Inc.,SkyWest Airlines Inc.,Delta Air Lines Inc.,Southwest Airlines Co.,United Air Lines Inc.,Allegiant Air,Comair Inc.,Spirit Air Lines,Horizon Air,JetBlue Airways,Alaska Airlines Inc."
Panama,"Mesa Airlines Inc.,American Airlines Inc.,Commutair Aka Champlain Enterprises, Inc.,Air Wisconsin Airlines Corp,Comair Inc.,Republic Airlines,Envoy Air,SkyWest Airlines Inc.,Southwest Airlines Co.,Delta Air Lines Inc.,Endeavor Air Inc."
"Pasco/Kennewick/Richland,","Allegiant Air,Horizon Air,SkyWest Airlines Inc.,Delta Air Lines Inc."
"Paso,","Mesa Airlines Inc.,American Airlines Inc.,Commutair Aka Champlain Enterprises, Inc.,Allegiant Air,Horizon Air,Envoy Air,Frontier Airlines Inc.,Republic Airlines,SkyWest Airlines Inc.,Southwest Airlines Co.,Alaska Airlines Inc.,Delta Air Lines Inc.,United Air Lines Inc."
"Pellston,",SkyWest Airlines Inc.
"Pensacola,","Mesa Airlines Inc.,American Airlines Inc.,Commutair Aka Champlain Enterprises, Inc.,Air Wisconsin Airlines Corp,Comair Inc.,Spirit Air Lines,Envoy Air,Frontier Airlines Inc.,Republic Airlines,SkyWest Airlines Inc.,Southwest Airlines Co.,Delta Air Lines Inc.,United Air Lines Inc."
"Peoria,","Mesa Airlines Inc.,Allegiant Air,Air Wisconsin Airlines Corp,Comair Inc.,Envoy Air,SkyWest Airlines Inc."
"Petersburg,","Allegiant Air,Alaska Airlines Inc."
"Philadelphia,","Mesa Airlines Inc.,American Airlines Inc.,Capital Cargo International,Air Wisconsin Airlines Corp,Republic Airlines,Frontier Airlines Inc.,SkyWest Airlines Inc.,Delta Air Lines Inc.,Southwest Airlines Co.,United Air Lines Inc.,Commutair Aka Champlain Enterprises, Inc.,Comair Inc.,Spirit Air Lines,JetBlue Airways,Alaska Airlines Inc.,GoJet Airlines, LLC d/b/a United Express,Endeavor Air Inc."
"Phoenix,","Mesa Airlines Inc.,American Airlines Inc.,Allegiant Air,Spirit Air Lines,Horizon Air,JetBlue Airways,Frontier Airlines Inc.,SkyWest Airlines Inc.,Southwest Airlines Co.,Alaska Airlines Inc.,Delta Air Lines Inc.,United Air Lines Inc.,Hawaiian Airlines Inc."
"Pierre,",SkyWest Airlines Inc.
"Pittsburgh,","Mesa Airlines Inc.,American Airlines Inc.,Capital Cargo International,Air Wisconsin Airlines Corp,Republic Airlines,Frontier Airlines Inc.,SkyWest Airlines Inc.,Southwest Airlines Co.,Delta Air Lines Inc.,United Air Lines Inc.,Allegiant Air,Commutair Aka Champlain Enterprises, Inc.,Comair Inc.,Spirit Air Lines,JetBlue Airways,Envoy Air,Alaska Airlines Inc.,GoJet Airlines, LLC d/b/a United Express,Endeavor Air Inc."
"Plains,","Air Wisconsin Airlines Corp,Comair Inc.,JetBlue Airways,SkyWest Airlines Inc.,Delta Air Lines Inc.,Endeavor Air Inc."
"Platte,",SkyWest Airlines Inc.
"Plattsburgh,","Allegiant Air,SkyWest Airlines Inc."
"Pocatello,",SkyWest Airlines Inc.
"Point,","American Airlines Inc.,Capital Cargo International,Allegiant Air,Air Wisconsin Airlines Corp,Comair Inc.,Envoy Air,Republic Airlines,Delta Air Lines Inc.,GoJet Airlines, LLC d/b/a United Express,Endeavor Air Inc."
"Ponce,","Spirit Air Lines,JetBlue Airways"
"Portland,","American Airlines Inc.,Capital Cargo International,Air Wisconsin Airlines Corp,Republic Airlines,Frontier Airlines Inc.,SkyWest Airlines Inc.,Southwest Airlines Co.,Delta Air Lines Inc.,United Air Lines Inc.,Hawaiian Airlines Inc.,Allegiant Air,Commutair Aka Champlain Enterprises, Inc.,Comair Inc.,Spirit Air Lines,Horizon Air,JetBlue Airways,Envoy Air,Alaska Airlines Inc.,GoJet Airlines, LLC d/b/a United Express,Endeavor Air Inc."
"Portsmouth,",Allegiant Air
"Prescott,",SkyWest Airlines Inc.
Presque,"GoJet Airlines, LLC d/b/a United Express"
"Providence,","American Airlines Inc.,Capital Cargo International,Air Wisconsin Airlines Corp,Republic Airlines,Frontier Airlines Inc.,SkyWest Airlines Inc.,Southwest Airlines Co.,Delta Air Lines Inc.,United Air Lines Inc.,Commutair Aka Champlain Enterprises, Inc.,Allegiant Air,Comair Inc.,JetBlue Airways,Envoy Air,GoJet Airlines, LLC d/b/a United Express,Endeavor Air Inc."
"Provo,",Allegiant Air
"Pueblo,",SkyWest Airlines Inc.
"Pullman,",Horizon Air
Punta,Allegiant Air
RI,"American Airlines Inc.,Capital Cargo International,Air Wisconsin Airlines Corp,Republic Airlines,Frontier Airlines Inc.,SkyWest Airlines Inc.,Southwest Airlines Co.,Delta Air Lines Inc.,United Air Lines Inc.,Commutair Aka Champlain Enterprises, Inc.,Allegiant Air,Comair Inc.,JetBlue Airways,Envoy Air,GoJet Airlines, LLC d/b/a United Express,Endeavor Air Inc."
"Raleigh/Durham,","Mesa Airlines Inc.,American Airlines Inc.,Air Wisconsin Airlines Corp,Republic Airlines,Frontier Airlines Inc.,SkyWest Airlines Inc.,Southwest Airlines Co.,Delta Air Lines Inc.,United Air Lines Inc.,Allegiant Air,Comair Inc.,Spirit Air Lines,JetBlue Airways,Envoy Air,Alaska Airlines Inc.,GoJet Airlines, LLC d/b/a United Express,Endeavor Air Inc."
Rapid,"Mesa Airlines Inc.,American Airlines Inc.,Allegiant Air,Commutair Aka Champlain Enterprises, Inc.,Envoy Air,Republic Airlines,SkyWest Airlines Inc.,United Air Lines Inc.,Endeavor Air Inc."
"Rapids,","Mesa Airlines Inc.,American Airlines Inc.,Capital Cargo International,Air Wisconsin Airlines Corp,Republic Airlines,Frontier Airlines Inc.,SkyWest Airlines Inc.,Delta Air Lines Inc.,Southwest Airlines Co.,United Air Lines Inc.,Allegiant Air,Comair Inc.,Envoy Air,GoJet Airlines, LLC d/b/a United Express,Endeavor Air Inc."
Rapids/Iowa,"Mesa Airlines Inc.,Allegiant Air,Air Wisconsin Airlines Corp,Comair Inc.,Envoy Air,Frontier Airlines Inc.,Republic Airlines,SkyWest Airlines Inc.,Delta Air Lines Inc.,GoJet Airlines, LLC d/b/a United Express,United Air Lines Inc.,Endeavor Air Inc."
"Redding,","Horizon Air,SkyWest Airlines Inc."
"Reno,","Mesa Airlines Inc.,American Airlines Inc.,Allegiant Air,Horizon Air,JetBlue Airways,Envoy Air,Frontier Airlines Inc.,SkyWest Airlines Inc.,Alaska Airlines Inc.,Delta Air Lines Inc.,Southwest Airlines Co.,United Air Lines Inc."
"Rhinelander,",SkyWest Airlines Inc.
"Richmond,","Mesa Airlines Inc.,American Airlines Inc.,Capital Cargo International,Air Wisconsin Airlines Corp,Republic Airlines,SkyWest Airlines Inc.,Southwest Airlines Co.,Delta Air Lines Inc.,United Air Lines Inc.,Allegiant Air,Commutair Aka Champlain Enterprises, Inc.,Comair Inc.,Spirit Air Lines,JetBlue Airways,Envoy Air,GoJet Airlines, LLC d/b/a United Express,Endeavor Air Inc."
"Riley,","Envoy Air,SkyWest Airlines Inc."
"Rio,","Envoy Air,SkyWest Airlines Inc."
"Riverton/Lander,",SkyWest Airlines Inc.
"Roanoke,","Capital Cargo International,Allegiant Air,Air Wisconsin Airlines Corp,Commutair Aka Champlain Enterprises, Inc.,Republic Airlines,SkyWest Airlines Inc.,Delta Air Lines Inc.,GoJet Airlines, LLC d/b/a United Express,Endeavor Air Inc."
"Rochester,","Mesa Airlines Inc.,American Airlines Inc.,Capital Cargo International,Air Wisconsin Airlines Corp,Republic Airlines,Frontier Airlines Inc.,SkyWest Airlines Inc.,Southwest Airlines Co.,Delta Air Lines Inc.,United Air Lines Inc.,Commutair Aka Champlain Enterprises, Inc.,Allegiant Air,Comair Inc.,JetBlue Airways,Envoy Air,GoJet Airlines, LLC d/b/a United Express,Endeavor Air Inc."
Rock,SkyWest Airlines Inc.
"Rock,","Mesa Airlines Inc.,American Airlines Inc.,Allegiant Air,Commutair Aka Champlain Enterprises, Inc.,Air Wisconsin Airlines Corp,Comair Inc.,Envoy Air,Frontier Airlines Inc.,SkyWest Airlines Inc.,Delta Air Lines Inc.,Southwest Airlines Co.,GoJet Airlines, LLC d/b/a United Express"
"Rockford,",Allegiant Air
"Rosa,","Mesa Airlines Inc.,Horizon Air,Envoy Air,SkyWest Airlines Inc."
"Roswell,","Envoy Air,SkyWest Airlines Inc."
"Rouge,","Mesa Airlines Inc.,Commutair Aka Champlain Enterprises, Inc.,Comair Inc.,Envoy Air,SkyWest Airlines Inc.,Delta Air Lines Inc.,Endeavor Air Inc.,United Air Lines Inc."
SC,"Mesa Airlines Inc.,American Airlines Inc.,Capital Cargo International,Air Wisconsin Airlines Corp,Republic Airlines,Frontier Airlines Inc.,SkyWest Airlines Inc.,Southwest Airlines Co.,Delta Air Lines Inc.,United Air Lines Inc.,Commutair Aka Champlain Enterprises, Inc.,Allegiant Air,Comair Inc.,Spirit Air Lines,JetBlue Airways,Envoy Air,Alaska Airlines Inc.,GoJet Airlines, LLC d/b/a United Express,Endeavor Air Inc."
SD,"Mesa Airlines Inc.,American Airlines Inc.,Air Wisconsin Airlines Corp,Republic Airlines,Frontier Airlines Inc.,SkyWest Airlines Inc.,Delta Air Lines Inc.,United Air Lines Inc.,Allegiant Air,Commutair Aka Champlain Enterprises, Inc.,Comair Inc.,Envoy Air,GoJet Airlines, LLC d/b/a United Express,Endeavor Air Inc."
"Sacramento,","Mesa Airlines Inc.,American Airlines Inc.,Spirit Air Lines,Horizon Air,JetBlue Airways,Frontier Airlines Inc.,SkyWest Airlines Inc.,Southwest Airlines Co.,Alaska Airlines Inc.,Delta Air Lines Inc.,United Air Lines Inc.,Hawaiian Airlines Inc."
Saginaw/Bay,"Air Wisconsin Airlines Corp,SkyWest Airlines Inc.,Endeavor Air Inc."
"Saipan,",United Air Lines Inc.
"Salina,",SkyWest Airlines Inc.
"Salisbury,",Capital Cargo International
"Salmon,","Horizon Air,Alaska Airlines Inc."
Salt,"Mesa Airlines Inc.,American Airlines Inc.,Horizon Air,Spirit Air Lines,JetBlue Airways,Envoy Air,Frontier Airlines Inc.,Republic Airlines,SkyWest Airlines Inc.,Southwest Airlines Co.,Alaska Airlines Inc.,Delta Air Lines Inc.,United Air Lines Inc."
San,"Mesa Airlines Inc.,American Airlines Inc.,Republic Airlines,Frontier Airlines Inc.,SkyWest Airlines Inc.,Southwest Airlines Co.,Delta Air Lines Inc.,United Air Lines Inc.,Hawaiian Airlines Inc.,Allegiant Air,Comair Inc.,Spirit Air Lines,Horizon Air,JetBlue Airways,Envoy Air,Alaska Airlines Inc."
"Sanford,",Allegiant Air
Santa,"Mesa Airlines Inc.,American Airlines Inc.,Commutair Aka Champlain Enterprises, Inc.,Allegiant Air,Spirit Air Lines,Horizon Air,Envoy Air,Frontier Airlines Inc.,SkyWest Airlines Inc.,Southwest Airlines Co.,Alaska Airlines Inc.,Delta Air Lines Inc.,United Air Lines Inc."
"Sarasota/Bradenton,","Mesa Airlines Inc.,American Airlines Inc.,Allegiant Air,Comair Inc.,JetBlue Airways,Envoy Air,Frontier Airlines Inc.,Republic Airlines,SkyWest Airlines Inc.,Southwest Airlines Co.,Delta Air Lines Inc.,United Air Lines Inc."
Sault,SkyWest Airlines Inc.
"Savannah,","Mesa Airlines Inc.,American Airlines Inc.,Capital Cargo International,Air Wisconsin Airlines Corp,Republic Airlines,Frontier Airlines Inc.,SkyWest Airlines Inc.,Southwest Airlines Co.,Delta Air Lines Inc.,United Air Lines Inc.,Allegiant Air,Commutair Aka Champlain Enterprises, Inc.,Comair Inc.,JetBlue Airways,Envoy Air,GoJet Airlines, LLC d/b/a United Express,Endeavor Air Inc."
"Scottsbluff,",SkyWest Airlines Inc.
"Scranton/Wilkes-Barre,","American Airlines Inc.,Capital Cargo International,Air Wisconsin Airlines Corp,Comair Inc.,Envoy Air,Republic Airlines,SkyWest Airlines Inc.,GoJet Airlines, LLC d/b/a United Express"
"Seattle,","American Airlines Inc.,Spirit Air Lines,Horizon Air,JetBlue Airways,Frontier Airlines Inc.,SkyWest Airlines Inc.,Southwest Airlines Co.,Alaska Airlines Inc.,Delta Air Lines Inc.,United Air Lines Inc.,Hawaiian Airlines Inc."
"Sheridan,",SkyWest Airlines Inc.
"Shreveport,","Mesa Airlines Inc.,Allegiant Air,Commutair Aka Champlain Enterprises, Inc.,Comair Inc.,Envoy Air,SkyWest Airlines Inc.,Endeavor Air Inc."
"Sill,","Envoy Air,SkyWest Airlines Inc."
Sioux,"Mesa Airlines Inc.,Allegiant Air,Commutair Aka Champlain Enterprises, Inc.,Air Wisconsin Airlines Corp,Comair Inc.,Envoy Air,Frontier Airlines Inc.,Republic Airlines,SkyWest Airlines Inc.,Delta Air Lines Inc.,GoJet Airlines, LLC d/b/a United Express,United Air Lines Inc.,Endeavor Air Inc."
"Sitka,","SkyWest Airlines Inc.,Alaska Airlines Inc."
"Smith,","Envoy Air,SkyWest Airlines Inc."
South,"Allegiant Air,Air Wisconsin Airlines Corp,Comair Inc.,SkyWest Airlines Inc.,Endeavor Air Inc."
"Spokane,","American Airlines Inc.,Allegiant Air,Horizon Air,Frontier Airlines Inc.,SkyWest Airlines Inc.,Alaska Airlines Inc.,Delta Air Lines Inc.,Southwest Airlines Co.,United Air Lines Inc."
"Springfield,","Commutair Aka Champlain Enterprises, Inc.,Allegiant Air,Air Wisconsin Airlines Corp,Comair Inc.,Envoy Air,SkyWest Airlines Inc.,Delta Air Lines Inc.,GoJet Airlines, LLC d/b/a United Express,Endeavor Air Inc."
"Springs,","Mesa Airlines Inc.,American Airlines Inc.,Allegiant Air,Commutair Aka Champlain Enterprises, Inc.,Horizon Air,JetBlue Airways,Envoy Air,Frontier Airlines Inc.,SkyWest Airlines Inc.,Southwest Airlines Co.,Alaska Airlines Inc.,Delta Air Lines Inc.,United Air Lines Inc."
St.,"Mesa Airlines Inc.,American Airlines Inc.,Air Wisconsin Airlines Corp,Republic Airlines,Frontier Airlines Inc.,SkyWest Airlines Inc.,Southwest Airlines Co.,Delta Air Lines Inc.,United Air Lines Inc.,Commutair Aka Champlain Enterprises, Inc.,Allegiant Air,Comair Inc.,Spirit Air Lines,Envoy Air,Alaska Airlines Inc.,GoJet Airlines, LLC d/b/a United Express,Endeavor Air Inc."
State,"Capital Cargo International,Allegiant Air,Air Wisconsin Airlines Corp,SkyWest Airlines Inc.,GoJet Airlines, LLC d/b/a United Express,Endeavor Air Inc."
"Station/Bryan,","Commutair Aka Champlain Enterprises, Inc.,Envoy Air,SkyWest Airlines Inc."
"Staunton,",SkyWest Airlines Inc.
Ste.,SkyWest Airlines Inc.
"Stillwater,",Envoy Air
"Stockton,",Allegiant Air
Sun,"Horizon Air,SkyWest Airlines Inc."
"Syracuse,","Mesa Airlines Inc.,American Airlines Inc.,Capital Cargo International,Air Wisconsin Airlines Corp,Republic Airlines,Frontier Airlines Inc.,SkyWest Airlines Inc.,Southwest Airlines Co.,Delta Air Lines Inc.,United Air Lines Inc.,Allegiant Air,Commutair Aka Champlain Enterprises, Inc.,Comair Inc.,JetBlue Airways,Envoy Air,GoJet Airlines, LLC d/b/a United Express,Endeavor Air Inc."
TN,"Mesa Airlines Inc.,American Airlines Inc.,Capital Cargo International,Air Wisconsin Airlines Corp,Republic Airlines,Frontier Airlines Inc.,SkyWest Airlines Inc.,Southwest Airlines Co.,Delta Air Lines Inc.,United Air Lines Inc.,Commutair Aka Champlain Enterprises, Inc.,Allegiant Air,Comair Inc.,Spirit Air Lines,JetBlue Airways,Envoy Air,Alaska Airlines Inc.,GoJet Airlines, LLC d/b/a United Express,Endeavor Air Inc."
TT,"United Air Lines Inc.,Hawaiian Airlines Inc."
TX,"Mesa Airlines Inc.,American Airlines Inc.,Republic Airlines,Frontier Airlines Inc.,SkyWest Airlines Inc.,Southwest Airlines Co.,Delta Air Lines Inc.,United Air Lines Inc.,Hawaiian Airlines Inc.,Commutair Aka Champlain Enterprises, Inc.,Allegiant Air,Comair Inc.,Spirit Air Lines,Horizon Air,JetBlue Airways,Envoy Air,Alaska Airlines Inc.,Endeavor Air Inc."
"Tallahassee,","Mesa Airlines Inc.,Capital Cargo International,Comair Inc.,Envoy Air,Republic Airlines,SkyWest Airlines Inc.,Delta Air Lines Inc.,Endeavor Air Inc."
"Tampa,","Mesa Airlines Inc.,American Airlines Inc.,Spirit Air Lines,JetBlue Airways,Envoy Air,Frontier Airlines Inc.,Republic Airlines,Southwest Airlines Co.,Alaska Airlines Inc.,Delta Air Lines Inc.,United Air Lines Inc."
"Texarkana,","Commutair Aka Champlain Enterprises, Inc.,Envoy Air"
"Toledo,","Capital Cargo International,Allegiant Air,Envoy Air"
Traverse,"Mesa Airlines Inc.,Allegiant Air,Air Wisconsin Airlines Corp,Comair Inc.,Envoy Air,Republic Airlines,SkyWest Airlines Inc.,Delta Air Lines Inc.,GoJet Airlines, LLC d/b/a United Express,Endeavor Air Inc.,United Air Lines Inc."
"Trenton,",Frontier Airlines Inc.
"Tucson,","Mesa Airlines Inc.,American Airlines Inc.,Horizon Air,Frontier Airlines Inc.,SkyWest Airlines Inc.,Southwest Airlines Co.,Alaska Airlines Inc.,Delta Air Lines Inc.,United Air Lines Inc."
"Tulsa,","Mesa Airlines Inc.,American Airlines Inc.,Air Wisconsin Airlines Corp,Republic Airlines,Frontier Airlines Inc.,SkyWest Airlines Inc.,Delta Air Lines Inc.,Southwest Airlines Co.,United Air Lines Inc.,Allegiant Air,Commutair Aka Champlain Enterprises, Inc.,Comair Inc.,Envoy Air,Endeavor Air Inc."
Twin,SkyWest Airlines Inc.
"Tyler,",Envoy Air
UT,"Mesa Airlines Inc.,American Airlines Inc.,Republic Airlines,Frontier Airlines Inc.,SkyWest Airlines Inc.,Delta Air Lines Inc.,Southwest Airlines Co.,United Air Lines Inc.,Allegiant Air,Spirit Air Lines,Horizon Air,JetBlue Airways,Envoy Air,Alaska Airlines Inc."
VA,"Mesa Airlines Inc.,American Airlines Inc.,Capital Cargo International,Air Wisconsin Airlines Corp,Republic Airlines,Frontier Airlines Inc.,SkyWest Airlines Inc.,Southwest Airlines Co.,Delta Air Lines Inc.,United Air Lines Inc.,Commutair Aka Champlain Enterprises, Inc.,Allegiant Air,Comair Inc.,Spirit Air Lines,JetBlue Airways,Envoy Air,GoJet Airlines, LLC d/b/a United Express,Endeavor Air Inc."
VI,"American Airlines Inc.,Spirit Air Lines,JetBlue Airways,Frontier Airlines Inc.,Delta Air Lines Inc.,United Air Lines Inc."
VT,"Mesa Airlines Inc.,American Airlines Inc.,Capital Cargo International,Air Wisconsin Airlines Corp,Republic Airlines,Frontier Airlines Inc.,SkyWest Airlines Inc.,Delta Air Lines Inc.,United Air Lines Inc.,Commutair Aka Champlain Enterprises, Inc.,Comair Inc.,JetBlue Airways,Envoy Air,GoJet Airlines, LLC d/b/a United Express,Endeavor Air Inc."
"Valdosta,",Endeavor Air Inc.
"Valley/Hailey/Ketchum,","Horizon Air,SkyWest Airlines Inc."
"Valparaiso,","Mesa Airlines Inc.,American Airlines Inc.,Allegiant Air,Commutair Aka Champlain Enterprises, Inc.,Comair Inc.,Envoy Air,Republic Airlines,SkyWest Airlines Inc.,Southwest Airlines Co.,Delta Air Lines Inc.,Endeavor Air Inc."
"Vegas,","American Airlines Inc.,Allegiant Air,Spirit Air Lines,Horizon Air,JetBlue Airways,Frontier Airlines Inc.,SkyWest Airlines Inc.,Alaska Airlines Inc.,Delta Air Lines Inc.,Southwest Airlines Co.,Hawaiian Airlines Inc.,United Air Lines Inc."
"Vernal,",SkyWest Airlines Inc.
"Victoria,",SkyWest Airlines Inc.
"Vineyard,","JetBlue Airways,Republic Airlines"
WA,"American Airlines Inc.,Allegiant Air,Spirit Air Lines,Horizon Air,JetBlue Airways,Frontier Airlines Inc.,SkyWest Airlines Inc.,Southwest Airlines Co.,Alaska Airlines Inc.,Delta Air Lines Inc.,United Air Lines Inc.,Hawaiian Airlines Inc."
WI,"Mesa Airlines Inc.,American Airlines Inc.,Capital Cargo International,Air Wisconsin Airlines Corp,Republic Airlines,Frontier Airlines Inc.,SkyWest Airlines Inc.,Southwest Airlines Co.,Delta Air Lines Inc.,United Air Lines Inc.,Allegiant Air,Comair Inc.,Spirit Air Lines,JetBlue Airways,Envoy Air,Alaska Airlines Inc.,GoJet Airlines, LLC d/b/a United Express,Endeavor Air Inc."
WV,"Capital Cargo International,Allegiant Air,Air Wisconsin Airlines Corp,Comair Inc.,Spirit Air Lines,SkyWest Airlines Inc.,Endeavor Air Inc."
WY,"American Airlines Inc.,Commutair Aka Champlain Enterprises, Inc.,SkyWest Airlines Inc.,Delta Air Lines Inc.,Alaska Airlines Inc.,United Air Lines Inc."
"Waco,",Envoy Air
Walla,Horizon Air
"Walla,",Horizon Air
"Washington,","Mesa Airlines Inc.,American Airlines Inc.,Air Wisconsin Airlines Corp,Republic Airlines,Frontier Airlines Inc.,SkyWest Airlines Inc.,Delta Air Lines Inc.,Southwest Airlines Co.,United Air Lines Inc.,Allegiant Air,Commutair Aka Champlain Enterprises, Inc.,Comair Inc.,JetBlue Airways,Envoy Air,Alaska Airlines Inc.,GoJet Airlines, LLC d/b/a United Express,Endeavor Air Inc."
"Waterloo,",Envoy Air
"Watertown,","Capital Cargo International,SkyWest Airlines Inc."
"Wayne,","Capital Cargo International,Allegiant Air,Air Wisconsin Airlines Corp,Comair Inc.,Envoy Air,SkyWest Airlines Inc.,Endeavor Air Inc."
"Wenatchee,",Horizon Air
West,"Mesa Airlines Inc.,American Airlines Inc.,Allegiant Air,Comair Inc.,Spirit Air Lines,JetBlue Airways,Republic Airlines,Frontier Airlines Inc.,SkyWest Airlines Inc.,Southwest Airlines Co.,Delta Air Lines Inc.,United Air Lines Inc."
"West,","Mesa Airlines Inc.,American Airlines Inc.,Allegiant Air,JetBlue Airways,Envoy Air,Republic Airlines,Delta Air Lines Inc.,Endeavor Air Inc."
White,"Air Wisconsin Airlines Corp,Comair Inc.,JetBlue Airways,SkyWest Airlines Inc.,Delta Air Lines Inc.,Endeavor Air Inc."
Wichita,Envoy Air
"Wichita,","Mesa Airlines Inc.,American Airlines Inc.,Air Wisconsin Airlines Corp,Republic Airlines,Frontier Airlines Inc.,SkyWest Airlines Inc.,Southwest Airlines Co.,Delta Air Lines Inc.,United Air Lines Inc.,Commutair Aka Champlain Enterprises, Inc.,Allegiant Air,Horizon Air,Envoy Air,Endeavor Air Inc."
"Williston,",SkyWest Airlines Inc.
"Wilmington,","Mesa Airlines Inc.,American Airlines Inc.,Capital Cargo International,Air Wisconsin Airlines Corp,Comair Inc.,Envoy Air,Frontier Airlines Inc.,Republic Airlines,SkyWest Airlines Inc.,Delta Air Lines Inc.,GoJet Airlines, LLC d/b/a United Express,Endeavor Air Inc."
"Wood,",SkyWest Airlines Inc.
"Worcester,","Capital Cargo International,JetBlue Airways,Republic Airlines,Endeavor Air Inc."
"Worth,","Mesa Airlines Inc.,American Airlines Inc.,Republic Airlines,Frontier Airlines Inc.,SkyWest Airlines Inc.,Delta Air Lines Inc.,United Air Lines Inc.,Comair Inc.,Spirit Air Lines,Horizon Air,JetBlue Airways,Envoy Air,Alaska Airlines Inc.,Endeavor Air Inc."
"Wrangell,",Alaska Airlines Inc.
"Yakima,",Horizon Air
"Yakutat,",Alaska Airlines Inc.
"Yellowstone,",SkyWest Airlines Inc.
"York,","Mesa Airlines Inc.,American Airlines Inc.,Air Wisconsin Airlines Corp,Republic Airlines,Frontier Airlines Inc.,SkyWest Airlines Inc.,Southwest Airlines Co.,Delta Air Lines Inc.,United Air Lines Inc.,Hawaiian Airlines Inc.,Spirit Air Lines,JetBlue Airways,Alaska Airlines Inc.,GoJet Airlines, LLC d/b/a United Express,Endeavor Air Inc."
"Yuma,","Mesa Airlines Inc.,SkyWest Airlines Inc."
