PHL,MCO
LAS,LIT
MYR,PSM
TYS,MIA
SNA,PHX
SFO,TUS
JFK,ORD
AUS,ELP
SLC,CNY
ABE,FLL
WRG,PSG
ORD,MYR
IAH,TXK
EUG,OAK
SMF,OGG
DFW,HOU
LAX,SBP
DEN,SLN
DEN,RAP
SEA,RNO
IAD,SEA
BFF,DEN
IAH,LIT
BOS,JFK
MSP,PWM
SLC,RDU
ONT,MCO
SAT,LAS
BIS,AZA
SFO,PAE
KOA,SFO
HNL,SNA
PGD,PSM
CLT,MIA
EUG,SFO
BTV,ORD
STT,MCO
CKB,VPS
BWI,PGD
PGD,FWA
MVY,BOS
EWR,TPA
DCA,EWR
ATL,GRB
MEM,MCO
ATW,FLL
SDF,MYR
CLT,SRQ
ONT,CLT
RNO,SEA
AUS,IAD
SFB,ABE
MSP,SAT
SCE,PHL
PSP,SEA
SJU,STT
ORD,MLI
DTW,GRR
BQN,FLL
PHX,IND
PSP,DFW
SJC,ORD
LAS,DSM
SLC,OAK
MCI,SLC
LIT,PIE
SGF,AZA
MSP,MOT
FAY,ATL
ORD,TUL
IAD,RIC
ORF,DTW
SCK,PHX
SJU,ACY
BHM,LGA
ORF,JFK
EWR,JAX
ORD,PIA
SDF,SAV
CKB,MYR
MIA,SAV
LGA,BNA
BOS,BWI
DTW,ATW
IAH,TUS
SEA,BLI
PHX,IAH
DFW,ORD
EWR,STL
IAH,ABQ
BIS,LAS
SFB,IAG
MCI,PIE
BGR,CLT
DFW,FAT
DEN,IAH
MSP,VPS
HSV,ORD
ORD,FOD
SFO,SMF
ORD,FAR
STT,ATL
SJU,MCO
RSW,CLE
SFB,CHA
TOL,SFB
MIA,TLH
DCA,MCI
DEN,SFO
IAH,SMF
SNA,ATL
DEN,BMI
TPA,CLE
AUS,VPS
IAD,JFK
SLC,MSP
EYW,MIA
MHT,MCO
MVY,DCA
RNO,LAX
DTW,CIU
RAP,SLC
LAS,BZN
ITO,OGG
DFW,DSM
RDU,MSY
LAS,OGG
DFW,BHM
DCA,HPN
VLD,ATL
SJU,AUS
DTW,GRB
BDL,ORD
LGA,RSW
ATL,PVD
OAK,PHL
EWR,MDT
CHA,ATL
SAN,SFO
AZA,CVG
CLE,LGA
ATL,ABE
CLE,IAD
BIL,AZA
DAY,PHL
ORD,LIT
LYH,CLT
BWI,JFK
COS,SLC
ATL,AUS
LAX,RDU
TVC,DFW
RDU,TTN
CLT,JAN
PHX,KOA
MIA,STT
ANC,OME
BUF,ORD
MCW,FOD
IAH,ECP
DTW,JAX
AVL,PBI
CAE,MIA
SFO,RDD
ECP,DEN
SFO,ANC
SRQ,PIA
GRR,PDX
BOS,SEA
SEA,DAL
ORD,PAH
LEX,ATL
LAS,AZA
HNL,PPG
MYR,FLL
CLT,STL
ECP,CLT
IMT,MSP
PHX,ORD
TPA,ATL
SLC,PHX
HNL,SMF
RSW,HPN
DEN,BHM
AUS,DFW
FLL,MDT
PIA,PGD
ATL,CRW
MCI,MIA
ATL,SWF
LIT,MIA
SEA,JAC
DTW,BMI
ACY,SJU
ORD,EYW
DEN,BTV
DTW,MIA
LGA,SAV
CNY,SLC
DEN,BDL
RDU,SYR
ORD,MTJ
DEN,DTW
RSW,EWR
CHS,DEN
BNA,EYW
LAS,FLL
EWR,LAX
IAH,JAN
PIE,BLV
VPS,AUS
MCI,LGA
DEN,SBP
DEN,BWI
BOS,FLL
OMA,LAS
SRQ,PIT
PIE,CKB
DCA,PNS
CDV,YAK
MSP,GRR
BQN,EWR
JFK,RSW
CID,PGD
SGF,PGD
DEN,AMA
SEA,SUN
SAN,DFW
SWO,DFW
GEG,SAN
OKC,MSP
MSP,ESC
AUS,BOI
JFK,MSY
GEG,LAS
ISP,RDU
LAS,FAT
PWM,LGA
SEA,SAT
PDX,ONT
EWR,DEN
SFO,MCO
RDU,FLL
LAS,BOS
SFB,XNA
AUS,SJU
DEN,PDX
EWR,DCA
ATW,LAS
SDF,DTW
HLN,SLC
DCA,LIT
TLH,DCA
GEG,DFW
RSW,DEN
LAX,OGG
IAD,TYS
STT,JFK
RFD,PGD
DTW,ESC
SLC,BOI
JFK,SJU
ATL,HNL
LAS,PHX
ROC,DEN
MGM,CLT
PHL,ROA
BWI,ORD
IAD,DEN
MCI,EWR
ATL,ECP
TPA,FLL
CLT,BTR
ASE,SFO
ATL,ANC
CVG,TPA
PIT,EYW
TUL,DEN
EWR,ORD
ATL,MSN
ICT,VPS
SAN,DSM
ORD,MHT
PHX,LIH
STX,CLT
MSY,RDU
FLL,MCO
FLL,ORF
ATL,CSG
GEG,SEA
MKE,IAH
PDX,JFK
PGD,GRR
DFW,SYR
DFW,MYR
FCA,MSP
GTR,ATL
PHL,GSO
BIH,SFO
PVD,ATL
ORD,CWA
TUL,CLT
RDU,ALB
MSP,TYS
EYW,ATL
SFO,DAL
DAY,IAD
DTW,MCO
SRQ,SDF
DCA,BOS
ICT,ORD
IAH,SJU
MCO,SAT
AZA,BLI
SBN,SFB
LCK,SAV
DFW,OGG
ORH,JFK
JAC,EWR
DEN,MYR
BNA,PIE
MSP,LGA
MSP,RDU
DAB,CLT
MSP,CMH
DEC,CGI
ORD,ATW
SYR,SFB
ALB,DCA
AUS,CLT
JAN,IAH
PIE,ABE
DFW,RDU
JFK,ABQ
ORD,GRB
IAD,BDL
LCK,PIE
CLT,FLL
EWR,MSP
MSP,INL
ORD,IAD
AZA,MSO
ESC,MSP
IAH,LAS
IND,PIE
DCA,GSP
MLI,ATL
BOI,ORD
TUL,LAS
SLC,LGB
TPA,ORD
MEM,PIE
FLL,ABE
CPR,SLC
ORD,ATL
BIL,PDX
ORF,MIA
SRQ,ATW
SUN,SEA
MCO,DEN
ORF,MCO
LAS,VPS
DAY,PGD
PHL,MDT
LAS,PHL
STL,MCO
KOA,OAK
MRY,DFW
PHL,SAN
BQN,JFK
VPS,TYS
MSN,DFW
EGE,DEN
ABQ,IAH
OGG,EWR
ELP,ATL
CLE,RDU
FAY,DFW
LGA,ILM
SEA,CLT
OMA,CLT
MSP,FWA
MSP,EWR
TPA,SWF
DFW,FSM
CHS,SEA
DTW,ORD
TPA,LAX
SJC,MSP
SAV,BOS
MSP,PGD
ICT,SFB
DCA,MEM
LGA,IND
ILM,LGA
SEA,CMH
SFO,LAS
BWI,SJU
CHS,DCA
ORD,CMX
IAH,LRD
SEA,TUS
LAS,TPA
OAK,DEN
MSP,MKE
MSP,FAR
ORD,CKB
RDU,ORD
LGA,JAX
MIA,JFK
CHO,ATL
LAS,MCO
SJU,JAX
AMA,LAS
GEG,AZA
SAN,ORD
LAS,JFK
MYR,ISP
SNA,PVU
SLC,RNO
OAK,LAX
MFR,SFO
PDX,EWR
OMA,LGA
PIT,BOS
MSO,SLC
CLE,ORD
EWR,SDF
MCO,BDL
GRR,SFB
VPS,MSP
SRQ,IAD
PHL,SDF
PHX,CMH
CLT,TPA
PHL,DTW
DEN,HLN
SEA,BZN
MCO,EWR
DSM,ATL
EVV,ATL
PVD,MCO
IDA,OAK
SAV,ABE
ORD,EAU
TUL,IAH
MDW,ATL
FLL,SYR
BIS,SFB
SRQ,CLT
AUS,JAX
DEN,LAX
EAU,ORD
MDT,BNA
PIT,CHS
DFW,RIC
PGD,USA
HPN,ATL
MIA,BOS
BOS,DTW
MCO,PHL
JFK,SYR
DEN,SGU
ITO,LAX
ATL,MSP
PHL,MSP
BNA,SEA
PHL,LAS
BUF,RDU
MHT,MYR
STX,FLL
PIT,LGA
IAH,VCT
MSP,FLL
PHL,RSW
DFW,JAX
LIH,SJC
MCO,RDU
GRB,ATL
PBI,AVL
TYS,EWR
HOU,TYS
CLT,CHO
ANC,CDV
SFO,SAT
FLL,SDF
CVG,DCA
CVG,DTW
MSP,SFO
ORD,JFK
JAX,IND
JAX,BNA
SLC,BWI
LAS,MLI
BOS,ILM
DTW,LEX
ANC,OTZ
SLC,GEG
ROA,ATL
DFW,RNO
AUS,PHL
IAD,SJU
DFW,EWR
ATL,PBI
PHL,TPA
JAX,AUS
LAS,MCI
DCA,DTW
PIE,SGF
AUS,PIT
AUS,BZN
DEN,LAR
IAD,RSW
BOS,SLC
BNA,DSM
ROC,DCA
DEN,JMS
PDX,OAK
ORD,STT
RDU,JFK
ATL,MDT
SFB,GRR
MDT,PGD
MIA,EYW
CLT,GRR
LGA,DCA
JFK,PHX
CVG,LAX
LAS,MDW
SFB,ORF
DFW,SBP
JAN,CLT
SFO,BWI
IAH,SHV
BOS,DFW
TYS,DTW
RAP,MSP
JAC,SLC
ATL,MOB
ISP,MCO
TYS,AUS
SJC,HNL
LGB,HNL
ORD,VPS
BUR,JFK
SLC,ONT
ANC,SFO
CVG,RSW
ABE,SFB
ABE,PIE
PIE,HGR
AUS,PHX
SEA,FLL
IAH,HOB
PHL,SJU
AUS,MCI
ORF,PIE
DFW,TVC
SYR,JFK
ANC,SLC
TPA,ISP
AVL,MIA
JFK,CHS
JFK,ROC
ORD,SBA
IAH,LFT
LFT,IAH
DFW,ONT
DCA,BTV
DCA,BHM
PHX,SJC
DTW,GSP
DEN,ATW
PHX,IAD
ORD,SJU
ATL,GRR
SFB,PIA
BOS,PIT
ORD,ROA
GRR,DTW
BOS,RSW
BMI,PIE
DFW,CAE
OTZ,ANC
SLC,LAX
DBQ,ORD
COU,ORD
MIA,SAT
DCA,BUF
BGR,LGA
JFK,RIC
ABQ,SEA
OTH,SFO
ORD,MSN
FAY,CLT
DFW,BTV
DCA,DEN
BOS,MYR
CVG,LGA
DTW,STL
IAH,BDL
ATL,ABQ
DEN,MCI
DSM,VPS
LFT,DFW
TUL,SLC
PDX,GEG
EWR,AVP
BLV,PIE
CLT,HPN
BZN,ORD
ATL,STT
MCO,SEA
RDU,IND
EUG,PHX
OAK,LIH
LGB,OGG
RIC,JFK
DEN,TUS
OAK,SEA
ORD,IAH
DEN,EWR
LGA,MIA
PHL,DFW
MLI,LAS
ROA,PIE
PHX,PVU
VPS,BMI
PWM,JFK
MEM,LAS
PGD,SBN
JAX,BOS
TUS,LAX
SEA,IDA
SDF,LAX
SAV,JFK
SRQ,DFW
INL,MSP
BWI,MSY
SEA,FAT
IAD,CLT
BOS,MSY
STL,AUS
DFW,MDT
SGU,SLC
ORD,TPA
OGG,SFO
SMF,IAH
ANC,ORD
SEA,SAN
JFK,LAS
JFK,SEA
AVL,BWI
ORD,TBN
DEN,DCA
MDW,PHX
AZA,RAP
SAV,PIT
CHO,CLT
DTW,TYS
SMF,JFK
IAH,MSY
BNA,GRR
PDX,CLT
RDD,SFO
GTF,SEA
ATL,MYR
CLE,JFK
ACK,HPN
MVY,LGA
LWS,SLC
IDA,DEN
IAH,STT
SRQ,ATL
HRL,LAS
TVC,PIE
TYS,BWI
ROC,MIA
DFW,CLE
ILM,EWR
SCE,ORD
PHL,MKE
SEA,OMA
JST,CKB
SGF,DEN
PIT,DEN
DSM,SFB
PIE,RFD
MYR,LBE
MKE,PHL
SRQ,JFK
DFW,LGA
MYR,ALB
PIT,PBI
CVG,PBI
CMH,CLT
CLT,MOB
AUS,PDX
MSP,SAN
PBI,BOS
STL,SLC
CHS,DTW
MIA,AVL
BUF,JFK
SFO,FAT
ORD,PIT
CLE,SFO
MOB,IAH
ATL,TPA
MSP,AUS
MEM,VPS
FLL,DFW
ROA,LGA
LAS,ATW
IND,PHL
DCA,PVD
LGA,CHS
STL,BOS
CHO,LGA
ANC,ADQ
JFK,MVY
ATL,EWR
CHS,CVG
SDF,MCO
GFK,MSP
MSN,DEN
ATL,SMF
SRQ,LGA
DCA,SAV
PHX,GEG
IAH,IND
SNA,DSM
CLT,LAS
IAH,OMA
IAH,ORD
OGG,ORD
IAH,MFE
GSO,ATL
MSY,FLL
BOS,SJU
CLT,CAE
LGA,ALB
ICT,MSP
IAD,SYR
CLT,DSM
BZN,SEA
AZA,PSC
DSM,CLT
MSP,BIS
DEN,IAD
MLB,BNA
SFB,HTS
PGD,ATW
MIA,PWM
OMA,SLC
ORD,AVL
ATL,SAN
PGD,ABE
RDU,DFW
OMA,PHX
SFO,LAX
ATL,GPT
SAN,SLC
MQT,ORD
CHS,DFW
DEN,CPR
RIC,ORD
ORD,SJC
SAV,EWR
MEM,ATL
SAV,LCK
SDF,PIE
SFB,EVV
OGG,SJC
DEN,GRR
EWR,SYR
VPS,SGF
SMF,HNL
ORD,LWB
ORD,SEA
SEA,CVG
RKS,DEN
IAH,DTW
STL,ATL
SAV,CAK
ECP,ATL
SAN,AZA
DFW,CRP
SMF,DEN
DEN,PHX
EWR,MIA
MCO,SLC
ATL,MDW
PHL,SRQ
HOU,DSM
CRW,MCO
LBE,FLL
IAH,MCO
GEG,ORD
CVG,IAH
SYR,LGA
PWM,PHL
PSM,SFB
MKE,MCO
ORD,KOA
MSP,BTV
DSM,LAX
IND,MYR
BNA,ROA
SFO,SUN
CLE,FLL
ROC,IAD
MCO,ONT
BOS,MDT
GEG,PAE
TPA,IAD
MIA,PNS
SLC,PDX
SJU,RDU
CVG,PHL
LAX,ICT
EYW,AVL
IND,EWR
IAD,CKB
SFO,PHX
PHX,PAE
TUS,DFW
SEA,KTN
JNU,SEA
AZA,SNA
CID,LAX
HNL,KOA
CLT,ORF
LGA,DEN
EWR,SJU
IAH,RSW
BWI,LAX
PIA,FLL
PBI,PIT
OGG,HNL
ART,PHL
DTW,PHX
TYS,BOS
LAS,SGF
BLV,SAV
OGG,KOA
LAX,JAX
SFO,MSO
CAK,ORD
LAS,RDU
RFD,SFB
MDT,ORD
JAC,IAH
IAD,LGA
DSM,AZA
TWF,SLC
SDF,MSP
ORD,LAS
RSW,MSP
DEN,ROC
RIC,BNA
BOS,SRQ
HNL,SEA
DFW,ELP
CLT,RSW
TUS,SEA
DFW,BOS
LAS,SHV
DFW,PBI
SEA,BUR
TYS,ORD
SLC,ORD
DEN,RDU
HNL,IAH
GJT,DFW
BUF,BOS
MSP,CLE
GSP,DEN
SYR,IAD
ATL,TUS
BLV,VPS
GRI,AZA
DFW,FAY
PHL,STL
MRY,LAX
DEN,HDN
GPT,ATL
MSP,ABQ
MDW,LAS
MSY,DCA
SAN,LIH
TPA,SEA
HSV,DTW
SEA,EWR
ORD,ALB
FLL,IAD
MYR,ACY
TPA,CLT
MSP,PIT
ORD,AUS
GJT,LAX
IND,MIA
SLC,DEN
DEN,SAN
PIA,SFB
MYR,DFW
SAN,FLL
ORD,ASE
SJU,IAH
AUS,SEA
DFW,MAF
LGA,TPA
SLC,BNA
AZA,FSD
RSW,DFW
DSM,PDX
LAS,HNL
IAH,MSP
DEN,IDA
SFO,BZN
BWI,DTW
CID,ATL
FAR,BNA
CLT,MEM
CLT,SEA
DFW,MKE
OMA,DEN
SFO,CMH
MSP,MSO
ATL,SGF
MSP,SAV
RDU,ISP
PVD,PGD
LAS,GFK
CLT,MCI
CLT,ROA
MSP,IAH
EWR,PBI
IAH,PHX
JFK,JAX
GSP,ATL
CLT,CID
PHX,OMA
JAX,FLL
ATL,OKC
AUS,DEN
HLN,DEN
JAC,ORD
SEA,JFK
SYR,FLL
GNV,CLT
MKE,PHX
CVG,DEN
ATL,LIT
MDT,ATL
IND,VPS
TRI,PIE
MSP,MCI
BUF,IAD
PIA,ORD
RSW,CVG
CLT,LIT
FCA,SEA
EWR,SCE
LAX,BNA
ORD,COU
CLT,SAT
MLI,ORD
ORD,ECP
ILM,DCA
SYR,EWR
ISP,MYR
MSP,MSN
FLL,ORD
BNA,SLC
ALB,ATL
PDX,BUR
SJC,DEN
ORD,OKC
RDU,IAD
MCO,CVG
MYR,MSP
MYR,PIT
MHT,CLT
RAP,CLT
LAX,BWI
DAL,ATL
MCO,LAS
DFW,MDW
LAX,TUL
LGA,OMA
DEN,MOT
ORD,GSO
LAS,MSO
LGA,TYS
PHX,EWR
OAK,LAS
DCA,SJU
OMA,DTW
PIE,EYW
CAK,SRQ
DFW,PIT
LAX,ANC
SLC,SFO
RNO,DEN
IAD,PHX
CMH,ATL
MHK,ORD
SBN,ATL
HPN,ORD
SEA,MCO
EVV,VPS
ORD,PDX
MSP,AVL
SNA,GEG
RDM,SEA
LAX,SUN
CPR,DEN
TYS,HOU
PIE,ATW
LAS,PSC
JFK,SRQ
DEN,RIW
ORD,BUF
ADQ,ANC
BLI,AZA
PIE,TVC
TYS,MDW
TRI,SFB
LGA,CHO
SNA,SFO
BOI,AUS
LAS,ORD
DEN,SHV
LAS,AUS
TUL,LAX
LFT,CLT
PHL,ILM
MDT,DTW
DEN,SAV
BWI,DEN
ELP,LAS
PHL,CLE
LAS,BIS
SRQ,ABE
FNT,AZA
PGD,FNT
SAV,SWF
BMI,DTW
CLE,SEA
DEN,SDF
LBB,IAH
SLC,ANC
MCO,MEM
AZA,EUG
MIA,CHS
DTW,PHL
IAD,CMH
ATL,SRQ
BDL,RDU
IND,PGD
ACY,MCO
DCA,MHT
PHL,IND
DTW,BZN
SFB,CKB
LGA,CVG
MIA,STL
CLT,OMA
PVD,IAD
ATL,PIT
XNA,MIA
ATL,AEX
DEN,CLT
ALW,SEA
LAS,PAE
DEN,HNL
DFW,SWO
CLT,FAY
BNA,FLL
MEM,EWR
JAX,BLV
MYR,SYR
BIS,DEN
SFB,FWA
SNA,PAE
SMF,BOI
PHL,ATL
AVL,ATL
DCA,SYR
ATL,GTR
CLT,ROC
PDX,SEA
DFW,MRY
ACK,JFK
EWR,SLC
CVG,EWR
ATL,MEM
LCK,ORF
ABY,ATL
MCO,BWI
PHX,ANC
MRY,SFO
TPA,DFW
MYR,TYS
IAD,JAX
SAT,LAX
TYS,MYR
MFE,DFW
PDX,PHX
DEN,MCO
ATL,ILM
ORD,MKE
DEN,AUS
PBI,ATL
LAS,SAN
ANC,AKN
ORD,JLN
BWI,ATL
LAS,FWA
MSP,PVD
DEN,BUF
SNA,JFK
PHL,ORF
OMA,ORD
PIE,DAY
AGS,ATL
DFW,IND
IAD,FLL
ANC,IAH
PGD,CID
BWI,AVL
JAN,DFW
ORD,MHK
EUG,DFW
DTW,ALB
PIE,ALB
SFB,SYR
GSO,DTW
DEN,GEG
DFW,IAD
DTW,AUS
BDL,SJU
DEN,PIA
SEA,PSC
COS,LAX
EYW,PIT
SRQ,BLV
CLT,BWI
DEN,SGF
MSY,LGA
LIH,SAN
TVC,MSP
ALB,EWR
STL,LAX
SYR,ORD
ITH,EWR
GSO,DFW
DCA,PIT
DEN,MLI
IAD,LAX
BMI,DEN
SYR,DTW
SLC,WYS
HDN,DEN
DEN,SUX
RDD,LAX
LGA,FLL
IND,ATL
FLL,XNA
CAK,PGD
DFW,SGF
ALO,ORD
LAX,STL
CDC,SLC
FAR,LAS
SFB,BIS
SJU,CLT
PHX,RNO
PHL,STT
SAN,MCO
IAD,ROA
SDF,EWR
MKE,ATL
MLI,PGD
EWR,SMF
MIA,EWR
IAD,STL
BDL,DTW
ATL,GEG
VPS,LAS
LAS,ICT
TUL,DFW
CIU,DTW
STL,EWR
BNA,BOS
BUF,MSP
FWA,PIE
AZA,PIA
GGG,DFW
CGI,PAH
BWI,SFO
SDF,FLL
IAD,MSP
IAH,BWI
SLC,JFK
SFB,FNT
DCA,BGR
SAN,JFK
ORD,RSW
SFO,BNA
ELM,SFB
CAK,CLT
STT,DFW
SLC,IDA
TVC,DEN
IAH,GPT
MSN,ATL
FAI,SEA
PGD,TOL
AZA,RFD
DEN,LIT
MCO,JFK
IND,SFB
BNA,PIA
GRR,ORD
LAX,MSP
MRY,LAS
RNO,DFW
MSN,CLT
CHS,LAX
MSP,TPA
SEA,ABQ
DEN,JAC
EUG,LAX
ABE,BNA
KTN,SEA
EWR,ANC
EWR,DSM
DFW,CLL
ORF,PHL
ANC,JNU
FAR,MSP
BWI,IAH
IAD,HNL
CVG,ATL
PIE,SYR
USA,FLL
HNL,BOS
DCA,RDU
PVD,FLL
MYR,HTS
BOS,STL
ORD,SNA
ATL,DAB
SEA,LAS
LAX,BDL
MEI,PIB
BNA,IAD
IND,RDU
CAK,PIE
IND,FLL
CRP,DFW
JFK,BUR
CLT,DEN
LIH,SEA
MCO,STL
PGD,IND
SBN,AZA
MYR,SWF
RSW,CLT
ORD,HPN
JFK,MCI
CWA,DTW
AKN,ANC
LAS,ANC
FLL,CHS
RNO,ORD
GEG,SNA
BJI,MSP
LIT,ORD
TPA,JFK
MCI,PHL
MDT,DFW
MSN,MSP
LWB,SHD
JFK,HYA
IAH,TUL
IAH,BOI
ORD,PHL
BFF,LBF
HHH,EWR
TUS,ATL
PGD,BWI
HTS,PGD
DAY,CLT
RIC,DTW
SUN,DEN
EWR,MYR
ATL,MCO
BNA,PIT
MIA,TYS
MCI,BOS
SAT,IAH
FAI,ORD
SYR,MYR
MDW,SAV
DEN,ACV
EYW,CVG
VPS,IND
AZA,GRR
ORD,CMI
PHX,EUG
DRO,DEN
CVG,PIE
AZA,LAS
BGR,SFB
PGD,DAY
CHS,PIT
FLL,HPN
DEN,LIH
IAH,HRL
MSO,OAK
BNA,PGD
CKB,PIE
DFW,MIA
MEM,DCA
LAX,GEG
SGF,IAH
MYR,DEN
PHL,CHS
BMI,ORD
OAK,SAN
SFO,SEA
MSN,DTW
EUG,SEA
ASE,IAH
MSP,PDX
HNL,ORD
ATL,SAT
PHX,LAS
SAN,SJC
ORD,PWM
MYR,ATL
MIA,MCO
DAY,DCA
BNA,RDU
GTF,LAS
DCA,OKC
LIT,DEN
SRQ,EWR
SFO,TPA
LAX,JFK
IAD,DFW
SAV,CVG
HNL,PDX
SHV,ATL
LAX,SMF
SEA,SMF
LGA,BTV
MSN,LGA
DEN,MRY
TBN,ORD
ORD,JAC
KOA,DEN
SDF,CHS
STL,LGA
EAR,ORD
PHL,SFO
EWR,PIT
GSO,CLT
CLE,BOS
DTW,LAN
EGE,DFW
SBA,SFO
RAP,ORD
EWR,MHT
JAX,DTW
AUS,PVU
MEM,AUS
DFW,MCO
GRR,LAX
ABQ,AUS
ALB,FLL
SRQ,BOS
TVC,DCA
EWR,IND
DAY,LGA
PHX,SNA
LAX,BOI
MKE,LAS
SEA,PDX
BZN,SLC
GCC,DEN
DEN,RDM
HNL,PHX
LAS,DEN
DFW,JFK
AUS,ATL
MLU,DFW
PHL,DCA
CLT,CMH
PWM,DCA
DFW,PWM
CVG,MIA
OKC,DFW
DCA,MIA
ELM,DTW
DEN,FAT
DEN,PIT
BLV,PGD
AUS,MSY
MIA,SFO
JAX,ORD
PBI,CVG
CHA,ORD
BOS,PBI
DRO,LAS
SFB,BNA
GRI,DFW
ACK,DCA
ORD,FAT
LAX,MSY
HOU,AZA
HNL,LGB
MSY,AUS
LAS,CLT
DFW,TUS
EWR,CLT
AUS,GRR
STL,MIA
LAX,JAC
ORD,SAV
SEA,STS
SHV,VPS
VPS,CKB
DFW,LEX
AUS,TUL
LBE,MYR
FNT,CLT
MCO,BUF
SRQ,DSM
LAS,GJT
LAS,MFE
SFB,CID
MSO,SFO
SNA,DEN
IAH,ATL
RIC,EWR
ATL,SAV
MIA,ORF
LAS,STL
MSO,LAX
BIL,LAS
RDU,LAS
TTN,FLL
ORD,TYS
PHL,DEN
ORD,CRW
DTW,CHS
SFB,GSP
BTV,LGA
DTW,MEM
ORD,CLE
RDU,TPA
LCK,MYR
RIC,MIA
DAL,SEA
XNA,DEN
SLC,PHL
MIA,SDF
ATL,ACY
MOB,CLT
LAS,ONT
MDW,DEN
GRR,AZA
DFW,EYW
ATL,RDU
DTW,SAT
FLL,BQN
ORD,MSO
FLL,ATW
IDA,SAN
BOI,PAE
OAK,PDX
ATL,CMH
LGA,DTW
ATW,SAV
DCA,GSO
BOS,SAV
PGD,PVD
CLE,DFW
SLC,FAT
ABR,MSP
TPA,MDW
LAX,LIT
DFW,OMA
RSW,ACY
AGS,CLT
DTW,AZO
BOS,SYR
FAR,ORD
IAH,SAT
CVG,IAD
IAD,SAV
ATL,SLC
PVD,BNA
DCA,ILM
SAT,DFW
BUF,CLT
IAD,JST
BNA,IAH
ANC,DEN
DAB,ATL
DCA,SLC
SAV,GRR
DEN,MEM
DEN,WYS
PDX,RNO
DEN,ORD
LAX,DEN
MKE,DTW
ORD,OGG
TPA,RDU
ABQ,MSP
TPA,TTN
SFB,BMI
MIA,GNV
BTV,DCA
BGR,PHL
DEN,BOI
PAH,CGI
IAH,SFO
IAH,JAC
FLL,BOS
ORF,BOS
LAX,SFO
SLC,EKO
BFF,LAR
IAD,BOS
ORD,FNT
ABE,PGD
LRD,DFW
MCI,DCA
SMF,SFO
TUS,IAH
DEN,OTH
LAX,PDX
ORD,RDU
BOS,LGA
MSP,JFK
HOU,MCO
ORD,MQT
LGA,XNA
GRR,CLT
ABQ,JFK
ORD,HYS
DEN,MAF
IAD,BNA
ORD,SDF
MDW,TTN
PHL,MIA
DEN,HRL
PIE,GRR
MYR,BWI
JFK,SMF
IAH,OKC
CLL,DFW
CLT,SBN
CLT,STX
PHL,ORD
MSY,SLC
DTW,SLC
RSW,PHL
SFB,MEM
ORD,ALO
BOS,IAD
SAN,MSP
MEM,LAX
FNT,LAS
IAD,CLE
AUS,SFO
FLL,GSP
GRR,LGA
SYR,BOS
ABQ,PDX
ESC,DTW
GRB,ORD
SEA,ALW
LIH,LAX
PHX,SEA
LAS,ATL
MCO,DFW
MIA,CVG
GJT,LAS
CLT,XNA
SDF,DFW
DTW,HPN
DEC,TBN
IAD,SFO
CLE,EWR
FNT,ORD
SAN,ATL
PIE,TUL
FLL,MEM
DFW,OKC
BOI,IDA
FLL,EWR
BTR,IAH
SEA,MCI
FAI,MSP
LAX,XNA
AUS,AVL
JAX,LAX
CGI,ORD
CVG,LAS
PIT,BNA
DFW,ILM
HOU,DFW
HNL,JFK
ACT,DFW
MYR,BDL
OAK,SNA
MCI,CLT
BHM,DEN
DEN,DDC
ORD,SAT
ATL,GNV
SJU,MIA
GPT,SFB
PHL,ALB
FLL,BDL
DEN,ATL
CMH,IAH
SAV,MSP
DSM,PIE
SFB,LCK
DCA,AGS
LAX,DCA
SEA,OKC
SAT,IAD
BNA,PHL
AUS,SNA
PGD,LEX
FLL,STT
OME,ANC
MEM,MSP
IDA,SEA
SCC,ANC
RSW,IAH
EWR,PVD
PDX,DTW
ELP,DFW
PVD,LGA
DEN,MKE
CMI,ORD
MSP,FSD
ORD,OMA
PAE,BOI
DTW,DCA
CHS,IND
KOA,OGG
CIU,MSP
SDF,AUS
FLL,DSM
DFW,TYS
TLH,DFW
TYS,CLT
DTW,CWA
RAP,DFW
ICT,DEN
DTW,PBI
PWM,MIA
JFK,ORH
SUN,SLC
IAH,LAX
TPA,LAS
AZA,SBN
CLT,CVG
PDX,DFW
IDA,SLC
IAH,DCA
ORF,DCA
ROC,BOS
MSO,DEN
CLE,LAX
ORD,HNL
EWR,PQI
MCI,DTW
EUG,LAS
SEA,OGG
SLC,PIH
SAN,BOI
DFW,LAX
CVG,VPS
GFK,LAS
RST,ORD
SJC,SLC
SEA,HLN
DEN,MIA
AUS,SAN
GSP,FLL
BZN,DFW
ROA,ORD
BOS,ORD
PHX,CLE
BNA,SFB
MLI,DFW
MCO,SDF
CLT,EVV
ORD,PHX
PBG,FLL
MEM,DTW
PDX,MSP
IAD,ALB
MFE,LAS
SDF,SRQ
HNL,OGG
BTM,DEN
LAX,ITO
CVG,PVD
PHL,SBY
IDA,BOI
DTW,JFK
JFK,BGR
DEN,CYS
LBL,DDC
EWR,RDU
BZN,EWR
MIA,SLC
BNA,MLB
LGA,ORD
BOS,TPA
SEA,JNU
CLT,JFK
SJC,LAX
SFB,AUS
FLL,MYR
CMH,ORD
JFK,LAX
IND,LAX
VPS,CLT
CLE,MSP
SBA,PDX
SAN,DEN
ATL,HOU
LAX,CID
LEX,MYR
JFK,CLE
DSM,DTW
DTW,SCE
ORF,DEN
PVD,MSP
DFW,GSP
DFW,HSV
IAD,DAY
BNA,FAR
PUW,SEA
SNA,HNL
DTW,LAX
CLT,TTN
SDF,SFB
PIE,BNA
ELM,PIE
OGG,PDX
PHL,PVD
ATL,SHV
DTW,CHA
PHX,MIA
FOD,ORD
PDX,SLC
SYR,RDU
PSE,MCO
ORD,BOI
LAX,EWR
PDX,ORD
EWR,CVG
PGD,SGF
SBN,LAS
LIT,CLT
JFK,PWM
STT,PHL
DTW,PVD
JMS,DEN
BZN,DTW
DCA,JAX
DCA,MYR
IND,SEA
CMH,MSP
LAX,SAN
JFK,STT
BOS,HNL
LGA,MEM
PNS,DEN
EUG,DEN
SFO,MSP
SFB,LEX
FNT,PIE
OAK,HNL
GSO,MIA
LAX,SJC
STS,SEA
ATW,ATL
BOS,BNA
AZA,ICT
SFB,OWB
SAN,CLT
ORD,MBS
MFR,PDX
CVG,SEA
BGR,PIE
SAT,DEN
RSW,JFK
MIA,JAX
BOS,PNS
ATL,MLU
MIA,RDU
FLL,SJU
LGA,GRR
FWA,DTW
RDU,BDL
EWR,VPS
BFL,SFO
SDF,PGD
MIA,DFW
TYS,DEN
ATL,ELP
DFW,SPI
CLT,ILM
ORD,SYR
PIE,TRI
SRQ,FWA
AUS,STL
DFW,DAY
MSY,BWI
BZN,MSP
ROC,PHL
SDF,DEN
GUM,SPN
JFK,MSP
JFK,MCO
FLL,RDU
MSP,ATL
ATL,FSD
LAX,DTW
SAV,MDW
BNA,PHX
JFK,ONT
BUF,EWR
BTV,ATL
TLH,CLT
RAP,DEN
ORD,ERI
JFK,SLC
DFW,FLL
DFW,CHS
ALB,PIE
OMA,VPS
AUS,RNO
RHI,MSP
ORD,MEM
MSP,DEN
MIA,DEN
IAH,HNL
PHL,MDW
GEG,PDX
TUL,ATL
MDT,DEN
RNO,LAS
AVL,SFB
MCO,LGA
LAX,MEM
VPS,PIA
SNA,MFR
OGG,OAK
DSM,MSP
SBY,CLT
JNU,SIT
GEG,SFO
IAH,EWR
AUS,LAX
EWR,BUF
FAR,AZA
DFW,HNL
HPN,TPA
SBA,DEN
MSY,MSP
BWI,TYS
MCW,ORD
MHT,ORD
PRC,LAX
CMH,SFO
AVL,FLL
AVL,EWR
PHX,CLT
PIT,ORD
PWM,DEN
SLC,DTW
JFK,SAN
DEN,OAK
CVG,PGD
GSP,DCA
BHM,PHL
LGA,CAE
KTN,JNU
SMF,SEA
MSP,MCO
JAX,FNT
DTW,DSM
DFW,ABQ
SFO,RNO
PHL,PBI
ACY,ATL
BIL,SLC
LAS,CID
LEX,DTW
DEN,RKS
RDU,EWR
BWI,MSP
VPS,HTS
BWI,DFW
PNS,ORD
PVD,DEN
TUL,VPS
TLH,MIA
SAV,ORD
DEN,MDW
SAN,EUG
CAE,DFW
PDX,BOI
DFW,BTR
LGA,MYR
ROC,JFK
AZA,BIL
BDL,DFW
SEA,OAK
LAX,AUS
AUS,DTW
ORF,CVG
PDX,SNA
MDW,DTW
JAX,IAD
AVP,EWR
FNT,BNA
SFB,PBG
SNA,OAK
CLT,HTS
DTW,ROC
FLL,TTN
AVL,HOU
PIT,SRQ
ATW,DTW
BMI,VPS
BOS,ROC
PSC,SEA
PDX,MFR
LGA,ATL
PHX,MDW
PBI,PHL
PGD,PIT
SJU,BOS
FWA,ATL
BUR,SFO
MOT,DEN
BIL,DEN
ABE,ORD
ATL,RIC
BZN,ATL
ATL,DAY
ABE,DTW
SEA,FAI
ATL,JAC
AZA,CID
FLL,LAS
SAT,DTW
ATL,BTR
OMA,AZA
EUG,AZA
HPN,DTW
CKB,ORD
JFK,TPA
HNL,ONT
DHN,ATL
STT,CLT
SJU,ATL
BLI,LAX
CVG,CHS
PAE,SAN
EWR,SAT
ATL,DFW
MCO,SWF
BNA,AUS
PIB,MEI
SUX,ORD
IAH,PNS
AVL,VPS
MSY,MIA
BOI,PHX
ERI,CLT
MSO,SEA
LIH,HNL
DFW,MGM
CLE,MIA
EUG,ORD
LGA,IAD
SNA,AZA
MYR,CVG
ROA,BNA
LGA,RIC
SAN,PAE
SNA,BOI
DFW,GGG
DTW,APN
BOI,SAN
ATL,BTV
SAV,ATL
DSM,SRQ
ORF,JAX
DCA,PHX
GSP,PHL
DEN,JLN
SLN,HYS
JAX,DEN
OWB,SFB
MFE,LAX
ORD,LSE
FLL,CLT
ATL,VLD
LBB,DEN
ATL,GSP
FSD,ATL
BQN,MCO
DSM,EWR
CAE,ATL
RDU,SLC
BZN,AZA
BNA,SYR
ORD,FWA
MCO,SFO
BOS,CVG
HGR,SFB
DFW,SDF
LAX,PIT
MYR,CLT
JFK,BTV
DFW,PNS
IND,IAH
ORD,CAE
CHS,ATL
BOS,MSP
LEX,VPS
SRQ,CVG
SRQ,SBN
MYR,CKB
MIA,BNA
MGM,DCA
APN,DTW
SBP,SFO
MCI,DEN
CLE,DEN
VPS,BLV
CLE,MYR
FLL,SFO
CLE,IAH
HNL,DEN
GEG,MSP
SEA,DTW
PHX,DFW
RDU,CVG
BNA,ABE
COS,ORD
LCH,IAH
SLC,STL
TTN,CLT
HOU,PVU
AZA,FAR
BOS,AVL
PIT,JFK
JFK,ORF
CLT,SJU
CLT,PBI
BOI,SMF
GNV,ATL
MDW,TPA
GSP,MIA
BUF,DCA
SLC,IAH
PHX,DTW
ATL,BZN
JFK,MIA
VPS,ATL
KOA,LIH
RNO,AUS
MIA,TPA
CLT,STT
DEN,SEA
PHL,MSY
SBN,PGD
GSP,CLT
CLT,GNV
BZN,PDX
ATL,LGA
FLL,ATL
ICT,ATL
TYS,FLL
AVL,MDW
CAK,SAV
EYW,IND
DFW,AMA
SYR,CLT
FCA,LGA
SJC,PDX
SJU,BDL
BNA,CLT
LGA,ORF
PIT,DTW
DEN,SBA
MSO,SAN
DAY,ATL
SJC,OGG
CMH,DCA
SGU,DEN
ATL,ORD
DEN,SMF
MOB,ATL
TUL,PIE
FSM,DFW
DFW,GJT
VPS,CVG
CVG,SRQ
ATW,BNA
ORD,SRQ
MCO,TTN
ORD,PNS
ORD,ELP
BDL,MSP
SRQ,AVL
ATL,TVC
ALB,SFB
PIT,DFW
SIT,JNU
MSY,EWR
PDX,IAH
MSP,DTW
IND,LAS
XNA,LAS
PGD,AVL
FNT,SRQ
CLT,PHX
ELP,SEA
BOS,GRR
MSY,CVG
LAX,MIA
MOT,MSP
SMF,PDX
ATL,DSM
AZA,BIS
EWN,CLT
DFW,PDX
LGA,BHM
DFW,SBA
ECP,DFW
SEA,BWI
IAH,SGF
AGS,DFW
STT,MIA
GRB,DTW
PIE,PIT
SFO,MRY
DEN,LBB
IAD,SDF
CAE,IAD
SFO,EUG
SFO,PIT
LAS,MEM
TYS,DFW
LAX,IAH
LIT,LAS
SDF,MIA
ANC,ADK
IAH,DFW
CMH,MCO
LGA,FCA
BUF,DFW
CHS,FLL
CLE,ATL
AUS,CVG
SMX,LAS
DFW,LIT
CLT,RAP
EWR,MEM
SAN,GEG
DEN,BTM
LAS,BOI
ORD,CHA
DAY,SFB
FLL,DCA
AUS,LAS
JFK,SFO
ATL,CID
DEN,ALB
MSP,OKC
BLV,LAS
FLL,LBE
TPA,DEN
BDL,IAH
IAD,PVD
ATL,GSO
PIE,OMA
PSM,PIE
IAD,ROC
LAS,MSP
KTN,WRG
WYS,DEN
IAH,CLE
DEN,BKG
OAK,FCA
SJT,DFW
GSO,LGA
MCI,PHX
SYR,ATL
DFW,AVL
SAT,MIA
SBN,ORD
PIE,LCK
GRR,SRQ
ATL,BQK
CLT,DCA
SLC,CPR
DCA,CMH
DEN,TYS
DEN,TVC
MOT,LAS
DCA,STL
CLT,EWR
MSN,PHL
SAT,JFK
MFR,LAX
BUF,FLL
DTW,SAN
SFB,RFD
PNS,DCA
RNO,PHX
CLT,ONT
SMF,BOS
SFO,SBP
DEN,BUR
ORF,ATL
SRQ,PHL
PIA,PIE
BWI,MIA
DFW,BOI
GSO,PHL
ATL,CVG
SJC,ATL
ATL,ROC
CLT,DAB
PWM,CLT
GTF,DEN
ORD,STL
TUS,SLC
MSP,XWA
OKC,CLT
BNA,LGA
TYS,DCA
DTW,IND
PDX,STS
PDX,BZN
SBN,SRQ
CHA,SFB
SJU,BWI
PHL,LAX
FAT,SFO
DTW,ORF
ATL,LAS
PHX,MCO
CLE,PHX
LAX,DSM
LAX,GRR
ACY,BOS
MSP,CVG
BOS,PHX
LIH,PHX
DEN,BIL
SFO,DCA
BTV,IAD
ATL,MCI
PIE,ORF
MSY,TPA
MSP,BRD
MSO,PDX
SLC,MSY
LAS,IND
SRQ,AUS
BUF,LAX
MSP,GRB
ORD,MSP
SEA,ANC
GRR,DEN
HNL,EWR
SAT,MCO
LCH,DFW
LGA,MVY
BOI,PDX
KOA,LAX
PIT,EWR
SDF,CLT
SAN,MIA
DLG,ANC
MFR,DEN
DEN,LGA
LAX,SAT
MIA,DCA
FOD,MCW
DEN,CVG
LGA,PBI
SFB,MFE
HSV,CLT
PHX,TPA
ORD,EAR
RDU,DEN
PIE,GSO
DSM,HOU
MOB,DFW
CVG,JFK
HOU,LAS
RDU,SWF
SMF,LAX
RDU,SFO
VPS,LEX
SAN,PSC
DFW,STL
DFW,SHV
STL,CLT
JFK,CMH
MTJ,DEN
DEN,RIC
SEA,FCA
ATL,JFK
SFB,USA
ATL,TYS
JFK,DEN
DFW,XNA
TXK,DFW
ACV,DEN
ANC,DLG
ATL,PHX
MLB,PIT
LIH,OAK
ORD,MIA
IAG,PIE
LGA,ROC
SFO,DEN
CHO,IAD
MCO,BNA
SMF,EWR
MCO,MYR
HPN,CLT
LIT,ATL
MIA,ATL
DTW,BUF
LAX,FAR
AVL,SRQ
DCA,CHS
EWR,ORF
ALB,IAD
JFK,IND
ATL,ATW
CVG,JAX
DCA,TVC
DEN,LBF
TBN,DEC
FLL,DTW
LAS,XNA
PGD,RFD
SYR,PIE
TPA,BNA
PHX,ABQ
DEN,OMA
ORD,CGI
SNA,IAH
MCO,ORF
ORD,DEC
SLN,ORD
ORD,CVG
IAD,EWR
ATL,PHL
PIE,CAK
PGD,MLI
PDX,SJC
BZN,JFK
ALB,DEN
CLT,PWM
DEN,COD
ORD,ABE
CAE,ORD
LAX,OAK
SNA,LAS
PSC,LAS
DCA,SRQ
PHL,LEX
SMF,SLC
DTW,MDW
DFW,SAV
ASE,DEN
SEA,MSP
FLL,LAX
PHL,SAT
MIA,XNA
JFK,SJC
HYS,SLN
CLT,FWA
CLT,CRW
CLT,BOS
BUR,PDX
PGD,DSM
MCO,MKE
LAX,PHX
HNL,SAN
SGF,PIE
SFB,LAS
MCO,CRW
SMF,CLT
MSP,ICT
SEA,IAH
RNO,IAH
DFW,GRI
RDU,BNA
SEA,PSP
GSO,EWR
ATL,BDL
PWM,RDU
MDW,TYS
FLL,PBG
MIA,CLE
EYW,ORD
CLT,SMF
MSP,BJI
DFW,IAH
ONT,ATL
DFW,SPS
MYR,LGA
DEN,ASE
EWR,ILM
EWR,BTV
BWI,SLC
TTN,TPA
SFB,SDF
STL,MSP
ORD,IND
PHL,JAX
LGA,PVD
FAT,PHX
STL,DEN
ONT,JFK
ATL,MLI
MSP,CIU
DTW,SFO
DEN,JFK
AZA,BZN
BTV,CLT
PDX,BOS
GST,JNU
SUN,SFO
IAH,MEM
IAD,ATL
LAS,SEA
JFK,ATL
IND,CHS
CLT,AGS
LGA,ACK
SLC,BTM
DTW,MCI
SEA,RDU
HGR,MYR
OAK,OGG
IND,LGA
EYW,CLT
SAT,PHX
DFW,SRQ
DEN,MSN
IAH,RNO
RSW,ATL
CVG,FLL
LAX,SHV
BNA,MDT
MYR,LEX
DFW,MSN
ABE,ATL
CMX,ORD
EWR,HHH
TPA,BOS
CVG,MSY
DFW,TLH
ISP,PHL
ANC,LAS
DTW,MBS
BRD,MSP
TTN,RDU
PBI,DFW
MSP,GFK
ORD,RAP
IAD,SHD
EWR,ROC
BOS,RDU
LAX,FLL
VPS,OKC
LAS,LRD
ORD,PVD
AZA,SGF
KOA,HNL
CLT,AUS
MIA,LAX
ORD,BWI
ANC,SCC
LAX,MCI
BNA,LAS
SCK,LAS
BTR,DFW
MIA,PIT
BLV,SFB
BNA,PVD
MCO,MCI
PHL,ISP
STT,IAH
PHX,SLC
OMA,PIE
PDX,HNL
MSY,DFW
SJC,PHX
ATL,SNA
PBI,JFK
COS,PHX
LAS,AVL
BTV,DFW
PSE,JFK
ELP,ORD
RDU,LGA
DFW,PHX
LGA,TVC
LEX,ORD
IAH,CVG
TPA,SFO
PVD,ORD
AUS,DSM
MCO,BOS
BOI,SNA
DSM,DFW
LAX,CLT
SLC,BIL
ATL,BUF
CLT,PHL
PHL,ITH
ATL,JAX
BOS,SAN
VPS,DFW
BOS,BGR
MIA,RIC
ILM,PHL
SBP,DEN
SJC,IAH
MEM,FLL
ICT,LAX
MIA,BWI
CLT,PVD
SEA,DEN
SAN,LAX
SFO,BOS
MKE,SLC
LAX,RNO
EKO,SLC
VPS,OMA
CGI,DEC
SEA,PHX
BNA,JAX
SHV,DFW
SBP,DFW
CLT,AVL
CMH,DTW
DVL,JMS
ORD,ICT
SLC,BOS
DFW,LBB
SLC,COS
LAX,TUS
MSO,MSP
PIA,VPS
SFO,SLC
ORD,AVP
SLC,DCA
MSP,SMF
DFW,BDL
ICT,SEA
IAH,LBB
PVD,DTW
RNO,PDX
IAH,BTR
RDU,DTW
IND,SAV
DTW,BHM
ORF,IAD
BHM,DCA
IAH,BRO
ATL,RSW
LAS,DFW
PIE,LIT
LAS,DRO
OKC,SFB
FSD,SAN
AZA,GRI
LGA,SYR
RIC,DEN
AUS,EWR
PVU,HOU
LAX,FCA
SBA,SEA
MCO,IAD
RIC,ATL
PIE,XNA
BTR,CLT
JFK,BNA
MLI,DEN
SFO,ABQ
BNA,EWR
ATL,SEA
ATL,STL
PIA,BNA
CKB,SFB
BHM,CLT
MKE,MSP
CLE,MCO
ATL,PDX
FAR,LAX
IAH,JAX
LAS,BLV
EYW,PHL
BOS,BUF
GRB,MSP
DEN,STL
LAX,CLE
SNA,AUS
CHS,BOS
DEN,GSP
IAH,ONT
DEN,HOB
MCO,ROC
SJC,DFW
BDL,PHL
CLT,SBY
FLO,CLT
DTW,SYR
OKC,ORD
LBF,BFF
DTW,TPA
MYR,ABE
DFW,AUS
MSY,CLT
EWR,BOS
DCA,SFO
GPT,DFW
CLT,TUL
DTW,ATL
JAX,JFK
SLC,DFW
FLL,IND
BZN,AUS
RIC,CLT
JST,IAD
ORD,SPI
ORD,ABQ
IAH,SLC
DEN,CMH
ATL,DCA
BOI,ATL
TTN,MCO
ATW,PIE
MDT,CLT
MKE,JFK
EUG,SLC
LAX,MFR
ERI,ORD
JFK,BOS
BTV,MSP
PVU,PHX
SYR,MCO
GRR,PIE
CLT,VPS
PHL,ART
EWR,LAS
OAK,BLI
PIE,MEM
PLN,DTW
IAH,CLT
IAD,PIT
ATL,MSY
PIE,ICT
MIA,MSY
PHL,GRR
PHL,PHX
JAX,CLT
ORD,MKG
OKC,IAH
ORD,SUX
IAH,SNA
PAE,PHX
IAD,AUS
MCO,MIA
CMI,DFW
SEA,RDM
COS,IAH
IAH,TPA
ATL,LAX
AUS,MSP
MSP,SBN
SFO,HNL
RSW,IAD
HNL,IAD
HOU,ATL
PHL,FLL
LAS,SMF
ORD,DBQ
PHL,CAE
JLN,ORD
LAS,IAH
LAS,BUR
PHL,PIT
YAK,JNU
EWR,RSW
DFW,SFO
PHL,GSP
BDL,LAX
MSP,HIB
BNA,XNA
MDT,FLL
ORH,LGA
SEA,MKE
BNA,DEN
HNL,MSP
PIT,LAX
ALB,PHL
JNU,KTN
ORF,IAH
PWM,MSP
FWA,SFB
ICT,PIE
DFW,MLU
PHX,DSM
FSD,MSP
ORD,MCW
LAX,BOS
STT,IAD
LAS,BLI
DFW,PSP
PNS,IAH
SLC,SEA
IND,CLT
RDM,SFO
AVP,ORD
ATL,SDF
SEA,AUS
TPA,HPN
DEN,SUN
LIH,SFO
CMH,IAD
IAD,CAE
SGF,DFW
JFK,SAT
EWR,ALB
JFK,BQN
EWR,SNA
AZA,FWA
ACY,TPA
AUS,IAH
LAX,GJT
PIE,MLI
AZA,TVC
SFO,FLL
SFO,PSC
ATL,PWM
CLE,RSW
IDA,AZA
DSM,FLL
MFR,SAN
DCA,CLE
SAN,DTW
FLL,AVL
SFB,OMA
MYR,IND
LIH,KOA
AUS,RDU
PIB,IAH
DEN,MFR
EWR,GSO
MAF,DFW
OAJ,CLT
MSP,CID
FLL,SAN
BNA,ORD
CLE,TPA
VPS,LIT
CHA,DFW
CLT,EYW
OGG,LAX
IND,SFO
ATL,CHO
MSY,MCO
DFW,MOB
ORD,MCI
LAX,SBA
RDM,LAX
YKM,SEA
IAD,STT
LBE,MCO
ATL,BWI
SFB,ROC
CKB,JST
MEI,IAH
JAX,EWR
IAD,SMF
BNA,BZN
HNL,MCO
PNS,BOS
JAX,DCA
BOS,CLE
SBN,MSP
ORD,CHS
HNL,GUM
SLC,MCI
PHL,SAV
AVL,PIE
STS,DFW
DCA,CAE
SEA,DFW
TPA,AUS
CMH,SEA
LAX,FAT
IAH,XNA
MHT,EWR
LRD,LAS
SAN,BLI
MSP,PHL
MDW,DFW
SRQ,CID
DFW,BUF
MSO,ORD
TUL,ORD
ATL,ONT
GNV,DFW
SAN,OAK
DFW,MSO
ATL,STX
ILM,CLT
OKC,DCA
ABQ,PHX
SFO,CLE
SAN,IDA
FLL,PIA
AUS,SFB
JFK,DTW
BOS,MVY
MSP,IAD
RDU,PVD
MIA,ACY
DEN,FAR
LAX,MRY
BHM,ORD
SRQ,CAK
OKC,AUS
JNU,ANC
FLL,SEA
SEA,ONT
DEN,GUC
MSP,BUF
SNA,IDA
GRR,SAV
MSP,LSE
SEA,SIT
SLC,MEM
ALB,PGD
PIA,DEN
PVD,PHL
SEA,ELP
ORD,FCA
OAJ,ATL
LAS,ELP
BDL,MCO
EUG,SAN
GSP,DFW
CLT,SAN
LAX,ORD
EYW,SFB
RIC,MCO
MCO,DCA
ATL,SBN
DEN,SYR
STL,IAD
JAX,SJU
PVU,PIE
VCT,IAH
MTJ,ORD
ATL,ICT
MCO,MSY
ILM,DFW
PHX,FAT
ORD,JAX
CID,ORD
MCO,MSP
RSW,LGA
SWF,SFB
DAY,DTW
MCO,ORD
ORD,BTV
CHS,PHL
CID,DEN
DEN,PRC
BOS,SFO
HSV,ATL
ONT,LAS
MLI,SFB
PIE,IND
SRQ,DCA
JAC,SFO
PIE,CID
ATW,PGD
JFK,CVG
JAC,DFW
ATL,MLB
TPA,SJU
LEX,DFW
DCA,MSY
CLT,MSN
RSW,ORD
SGF,VPS
VPS,DSM
SAN,OGG
RDU,DCA
JFK,IAH
GRR,MSP
JFK,BUF
AVP,CLT
SAT,SEA
CLT,SLC
MYR,MDT
PIT,PIE
CLT,CHA
PWM,DFW
IND,DTW
ORD,LEX
SDF,IAD
CVG,MYR
SRQ,LCK
ORF,LGA
RSW,SEA
BOS,LAX
BNA,MSP
IAD,SLC
BOS,FNT
PVD,CVG
MEM,DEN
MKE,CLT
ANC,PHX
DTW,MSY
MCO,BQN
MSP,MLI
SWF,RDU
LAS,BWI
MSP,DSM
ATL,MGM
PIT,MSP
MSP,ABR
ICT,AZA
SEA,MIA
BOI,SFO
IAH,PHL
AVL,LAS
CLT,SAV
CRW,ATL
LAX,TPA
PGD,MSP
VPS,XNA
LGA,MSN
DFW,SMF
MSP,MEM
RDU,BOS
FLL,LCK
TPA,SLC
ATW,AZA
ACY,MIA
MYR,DCA
MKE,BOS
ATL,IND
CMH,BOS
CLT,SFO
JAC,LGA
HPN,PBI
RDU,IAH
PDX,FAT
LIT,IAH
OAK,DTW
BNA,DCA
LAN,DTW
LGA,MSP
DFW,GRR
IAH,RDU
MAF,IAH
SLC,AUS
MGM,DFW
BWI,MYR
IAH,MKE
ELP,DEN
EWR,SRQ
ANC,ATL
JAX,CVG
ATW,SFB
VPS,SHV
IAD,SRQ
TPA,MSY
MIA,AUS
MCO,SAN
LAX,CHS
SLC,TUS
DEN,CID
MSP,PHX
DTW,LGA
RFD,PIE
FLL,BNA
CLT,ECP
BUF,LGA
BOS,MKE
PHX,PHL
SAN,PDX
PDX,FCA
ORD,ROC
SYR,BNA
CID,MSP
ABE,SRQ
FSD,BNA
DFW,BPT
VPS,PHL
ABQ,DFW
HPN,ACK
EWR,HNL
LAS,FAR
BZN,BOS
CLT,MSP
STL,DFW
CLT,LYH
SHR,DEN
SPI,ORD
PIT,VPS
PHX,SCK
TPA,ACY
TPA,CVG
AZA,SAN
RDU,PGD
PSC,SLC
DTW,MKE
DEN,LBL
MSP,BOI
AZA,IDA
TYS,PIE
SHV,SFB
MLI,MSP
FLL,PVD
CVG,ORD
SFO,BOI
DEN,ANC
SAV,ATW
KOA,PHX
SMF,PHX
MKE,DEN
MYR,FWA
MYR,CLE
MCO,MHT
SCE,DTW
HLN,SEA
LAX,MCO
BOS,LAS
SLC,MIA
LAS,OKC
PHX,TUS
MSP,ATW
PHL,IAH
BHM,MIA
MGM,ATL
SJC,KOA
SEA,BIL
ATL,ALB
FSD,AZA
GSP,PIE
LAS,CMH
LGA,PWM
ICT,DFW
IAH,DEN
PHX,ATL
CLT,SYR
DEN,PSP
SFO,MSY
CRP,IAH
LEX,SFB
SFB,ATW
XNA,DFW
CMH,MIA
DCA,TUL
DEN,XWA
BOS,DEN
TXK,IAH
MSP,BWI
GRB,DEN
DFW,MSY
MCO,PIT
MSO,DFW
LGB,SLC
LAX,RDD
LRD,IAH
LAS,SLC
ABE,CLT
LGA,ROA
SMF,DFW
DFW,SEA
HRL,IAH
FSD,PIE
DFW,TYR
DFW,CHA
ONT,SLC
OAK,SLC
EWR,SAV
AUS,BNA
ANC,BRW
ATL,TUL
MSP,BOS
AZA,HOU
JAX,PIT
SEA,ICT
ATL,CHA
USA,PGD
PIE,USA
SNA,PDX
EWR,FLL
LAS,COS
BMI,SFB
AUS,IND
BZN,LAX
BOI,PUW
IAH,ANC
FSD,SFB
SGF,LAS
DFW,ACT
DFW,AGS
JFK,BZN
CLE,PHL
FLL,RIC
MSP,JAC
MCO,LBE
RDU,CLT
HYS,DEN
DEN,SNA
SEA,SLC
MSY,DTW
PHL,MHT
LAX,KOA
EWR,JAC
LAS,CVG
DFW,MEM
TUS,PHX
ORD,CMH
MAF,DEN
GSO,ORD
LAX,IND
IND,MCO
FLL,AUS
CLT,MYR
SHV,LAX
OAK,EUG
AUS,SRQ
RIC,PHL
SFO,GEG
SJU,ORD
EWR,PHX
BRO,IAH
IAD,BTV
ATL,CLT
BOS,DCA
LGA,JAC
MRY,DEN
SLC,CLT
SFB,SWF
PHL,MEM
BOS,BZN
MSP,MDW
SGF,ATL
IAD,PDX
IAD,HHH
ATL,EVV
MSY,JFK
SFB,MDT
PIE,IAG
BNA,ALB
ORD,OAK
HPN,RSW
FAI,ANC
BOS,IAH
PDX,IAD
SAV,BLV
LGA,DAY
SLC,PSC
PDX,SFO
IAH,BOS
SEA,KOA
DTW,LAS
PWM,DTW
PDX,IDA
MIA,BDL
JFK,SAV
DTW,CMH
LAX,PRC
SMF,LAS
JAX,ORF
BNA,RIC
PHX,BOS
LAX,BUF
AMA,DEN
BHM,ATL
LAS,DTW
AZA,PVU
GRR,BNA
MSO,AZA
MCO,HNL
SAV,MIA
MVY,JFK
SHD,IAD
SAV,DCA
PIA,SRQ
ORD,BOS
PBI,EWR
IAD,SAT
ACK,EWR
HOB,DEN
DEN,ICT
DEN,FSD
SFB,TUL
ATL,AGS
SLC,GTF
IAD,ORF
LAS,SDF
FNT,BOS
DFW,RSW
PBI,HPN
STL,ORD
ORD,CLT
SFO,ORD
MCI,LAX
ORH,FLL
DTW,OAK
MIA,STX
DTW,MSP
DFW,MLI
ORD,BMI
DCA,BDL
ROC,LGA
JFK,PIT
DCA,VPS
ORD,RNO
FAT,PDX
FCA,PDX
DEN,PWM
CHS,IAD
PHX,COS
MDW,AVL
LCK,SRQ
BHM,DFW
FLL,MSY
BDL,MIA
SFO,CLT
CID,CLT
MKE,ORD
CLT,MCO
ISP,ATL
EWR,AVL
LAS,MRY
LGA,DFW
MYR,MHT
DCA,GRR
CLT,ALB
IND,MSP
IAD,CVG
CVG,RDU
TUL,SFB
SEA,SJC
DEN,RNO
EWR,SEA
IAH,ELP
AUS,ABQ
GRR,DFW
DTW,TVC
SFO,DFW
RDU,ATL
LAX,SGF
DFW,CLT
FCA,DFW
PSC,SFO
FSD,DEN
ATL,SJU
SAN,BOS
ATL,EYW
BRO,DFW
DTW,HSV
ATL,BMI
BFL,DEN
IAD,TVC
LGA,RDU
AEX,DFW
FLL,MHT
TPA,BWI
SDF,ORD
DEN,PNS
ATL,PNS
AVL,PGD
TYS,MSP
AUS,MIA
EWR,AUS
MDT,EWR
PBI,DTW
PHL,BNA
VPS,MCI
LFT,ATL
ORD,DEN
CLT,RIC
CHS,JFK
CLT,CSG
TYS,PGD
SFB,ROA
DCA,HSV
SEA,GEG
MSY,ORD
MSY,BOS
PIT,SFB
SGF,SFB
ORF,LCK
JFK,RNO
IAH,SEA
BTV,DEN
PWM,ATL
SDF,ATL
CVG,SLC
PHL,MYR
AZA,FCA
JFK,PDX
MIA,CMH
PDX,DEN
MSP,RST
IAH,BHM
OGG,LGB
LIH,OGG
ATL,HPN
SWF,TPA
SWF,SAV
PIE,GSP
PSP,SFO
EWR,MSY
DTW,CID
SFO,MIA
ORD,BHM
LAS,OAK
ISP,TPA
CLT,ABE
IND,DFW
HNL,DFW
SLC,LWS
ECP,IAH
ECP,ORD
SPI,DFW
DCA,PBI
MIA,ORD
SWF,ATL
MIA,BHM
SAN,IAD
SJC,SAN
EWR,DTW
PBI,LGA
LCK,SFB
MYR,DTW
LAS,FCA
MDT,BOS
DTW,ABE
XNA,LAX
DFW,GNV
AUS,BOS
BUF,TPA
PVU,AZA
PIE,PVU
GRR,AUS
JFK,HNL
ORD,HSV
ANC,EWR
RDU,SJU
MCO,CMH
FSD,AUS
EWR,TYS
MDT,SRQ
TYS,LGA
ONT,DFW
PGD,LCK
DCA,EWN
ALB,DTW
PRC,DEN
BNA,FSD
LCK,VPS
BDL,DCA
EVV,CLT
CSG,CLT
MSP,JAX
DEN,DRO
LAS,MSY
DFW,GEG
ORD,GEG
DLH,ORD
PHX,MSP
DAY,ORD
ORD,LNK
DTW,BWI
BNA,CID
MEM,LGA
AUS,TPA
ATL,AVL
SAN,AUS
LAS,GRI
ORD,AZO
SAT,CLT
SFO,IND
MIA,SJU
LIT,LAX
CLT,SDF
LAX,EUG
AUS,SDF
HNL,OAK
LGA,BGR
DCA,CLT
DEN,EUG
SLC,SNA
SJU,JFK
BNA,ATW
AUS,FLL
SEA,DCA
SFO,LIH
CVG,AZA
MSP,OMA
CLE,DTW
HTS,SFB
PDX,GRR
MHT,FLL
CLT,AVP
SEA,YKM
OKC,MIA
DFW,AEX
CAE,DCA
HHH,IAD
ATL,ISP
SFB,SHV
OTH,DEN
AVL,MSP
BOS,TYS
ITO,HNL
SBA,PHX
BOS,STT
SEA,GTF
SLC,EWR
MFR,SNA
SEA,LIH
PSG,JNU
ADK,ANC
DCA,MSP
MLI,PIE
EYW,DFW
PDX,DCA
EAR,DEN
DEN,PSC
DTW,FLL
LAS,TUL
BOS,CMH
MCO,ACY
CWA,MSP
LAX,ABQ
TYS,IAD
MEM,SLC
TTN,MDW
CID,SRQ
DFW,GSO
BWI,TPA
FWA,PHL
FLL,ORH
SEA,MSO
OAK,MSO
GEG,DEN
SUN,ORD
SFO,ATL
DTW,CLT
OMA,ATL
BNA,LAX
PIE,PBG
PIE,HTS
XNA,BNA
IDA,LAS
FLL,CMH
BIL,SEA
PSC,SAN
SDF,LAS
LAN,ORD
GEG,SLC
MEM,ORD
ACV,SFO
ORD,DFW
IAD,LAS
ABQ,DEN
CID,BNA
PDX,ANC
SJC,SEA
IAH,AMA
IAH,IAD
BUF,DEN
DSM,LAS
DCA,JAN
MSP,XNA
OMA,SEA
FAT,DEN
XWA,DEN
IAD,RDU
DFW,ATL
FLL,PHL
TOL,ORD
AZO,ORD
DCA,LAS
ROA,PHL
ABQ,LAX
CMH,DEN
AUS,SLC
CHS,SDF
MDT,MYR
BDL,CLT
BTV,EWR
LIT,VPS
MYR,SDF
ORD,TOL
ALB,MYR
DFW,CMI
BNA,DFW
ONT,SEA
JMS,DVL
ORD,SGF
SFB,BLV
HNL,LAS
TRI,ATL
EWR,BNA
BOS,EWR
CRW,ORD
DCA,ATL
DTW,MYR
MSP,FCA
BNA,TPA
BZN,DEN
AVL,ORD
TTN,ATL
SFB,FAR
LEX,CLT
ATL,FAY
CVG,EYW
OMA,SFB
CHS,CLT
LGA,PIT
BDL,FLL
GSP,DTW
PHL,BDL
ONT,PHX
ORD,FAI
ORD,DLH
SPI,AZA
MCI,LAS
DTW,CLE
LAS,EWR
IAD,BUF
EWR,ATL
LGA,GSP
VEL,DEN
ORD,FLL
ATL,SYR
DFW,STS
AGS,DCA
BTV,JFK
DCA,RSW
PSG,WRG
PSC,DEN
MSY,IAH
DEN,PVD
VPS,EVV
DFW,MTJ
DTW,ELM
ATL,BOS
GEG,ATL
LGA,CLT
PHX,MEM
SAN,PHL
DEN,VEL
ANC,FAI
MCO,DTW
VPS,SDF
TVC,AZA
BWI,FLL
CLT,BHM
SEA,ATL
MIA,LAS
SAV,LGA
RDM,SLC
DEN,GJT
SFO,KOA
LAS,RNO
SFB,PSM
IDA,PDX
CVG,ORF
MSO,LAS
ORD,GRR
BLI,SEA
SEA,RDD
SAN,EWR
CHS,MSP
RIC,PIE
BLV,SRQ
PGD,MDW
XNA,ATL
DEN,IND
DFW,LAS
RFD,LAS
PIE,LEX
VPS,DCA
PHX,ONT
COD,DEN
PNS,ATL
SWF,MYR
MYR,HGR
PHX,FLL
LWS,DEN
SFB,FSD
DFW,ABI
ATL,ABY
WRG,KTN
IAD,CHS
DCA,CRW
HTS,CLT
ATL,MKE
PIT,CLT
COS,DFW
ATL,BHM
ABQ,LAS
PGD,ALB
HHH,DFW
FLL,PIT
WYS,SLC
ACV,LAX
BDL,IAD
DCA,LGA
SEA,MSY
BOS,ACK
PIT,IAD
AVL,EYW
CVG,AUS
DFW,EVV
PVD,DCA
PDX,MSO
PHX,DEN
CLT,DAY
LAX,SLC
SLC,FLL
VPS,AVL
CLT,PIT
MSP,MYR
BGR,JFK
LGA,MCI
PHX,DCA
FSD,ORD
EWR,DFW
MCI,ATL
CVG,BOS
SWF,PGD
MSP,TVC
SBA,ORD
ORD,DAY
PGD,XNA
LEX,PGD
TOL,PIE
FCA,SLC
COS,DEN
LAS,LAX
MIA,IAD
SJU,PHL
PDX,OGG
DCA,XNA
MCI,AUS
RSW,DTW
ATL,LEX
SFB,CVG
SFB,TYS
LAX,SDF
BUR,SEA
MKE,SEA
ORD,TVC
IAH,AUS
ATL,SJC
DFW,MFE
DFW,ORF
DEN,MTJ
SAN,SEA
PGD,CAK
IAH,MEI
IAH,COS
PHX,JFK
ROC,ATL
DFW,BZN
GEG,PHX
BOS,JAX
PSP,DEN
FCA,LAX
LAX,IAD
MSP,BIL
LAX,CVG
SFB,MLI
SFB,DSM
PHX,LAX
HNL,LAX
MSP,DCA
MYR,LCK
LCK,CHS
XNA,VPS
DSM,AUS
CLT,BNA
PDX,AUS
RNO,SLC
FWA,ORD
IAH,LGA
SFO,JAC
ATL,VPS
GSP,SFB
XNA,SFB
RAP,LAS
LAX,PSC
OGG,LIH
CLT,LFT
MCI,DFW
IND,ORD
PHL,MCI
FCA,AZA
SGF,CLT
PIH,SLC
TPA,EWR
DTW,BOS
DTW,PWM
CID,SFB
DTW,DAY
ONT,SFO
SFO,RDU
IAH,ICT
EWR,GRR
MSP,LAX
DFW,ICT
SNA,DFW
DTW,SEA
CRW,CLT
SMF,IAD
TPA,MSP
ATL,ROA
AVL,DEN
LAS,SCK
SFB,GPT
LEX,PHL
RDU,MCO
LAS,EUG
SAN,FSD
PPG,HNL
MTJ,DFW
STX,MIA
MIA,PHX
SLC,CDC
IAD,SAN
ATL,DAL
PIT,SAV
ORF,SFB
MHK,DFW
DFW,LRD
CAE,LGA
MSP,DLH
DEN,TUL
PWM,ORD
GPT,IAH
DEN,MDT
ROC,SFB
PGD,PIA
ORD,RST
BGM,DTW
MCO,IAH
SWF,PIE
FWA,MYR
DFW,GPT
RNO,JFK
SEA,BOI
MSY,IAD
MCO,ATL
PHL,BOS
BKG,DEN
PGD,SDF
EVV,SFB
SFB,ICT
ORD,LAN
KOA,SJC
DTW,RIC
RIC,IAD
BOS,AUS
BIL,DFW
PHF,CLT
TYS,PHL
DSM,ORD
FLL,CLE
OGG,LAS
BTV,DTW
OMA,IAH
RSW,BOS
LAS,CLE
TYS,VPS
ATL,LFT
DEN,EGE
IAD,MSY
DCA,IAH
BHM,IAH
TYS,LAS
JFK,ACK
ORD,MSY
IND,SRQ
XWA,MSP
AZA,ATW
SFB,TRI
PIE,MCI
SLC,SGU
DEN,DSM
RDU,MSP
PIE,MDT
JFK,BWI
CLT,DFW
DEN,BZN
BUR,DEN
ORD,SCE
ELP,MCO
ILM,BOS
CSG,ATL
SFO,PSP
DEN,MSY
DSM,SAN
LAS,FNT
HNL,SJC
DCA,CVG
LAS,PIT
MKE,LGA
CMH,PHX
ORD,XNA
ATL,OAJ
PIT,ATL
DTW,RSW
MSP,ANC
HRL,DEN
PSC,AZA
BOS,SMF
FLL,JAX
SLC,SJC
ILM,ATL
JFK,RDU
IND,JAX
CLT,RDU
SFO,PHL
EWR,OGG
ATL,BNA
LAS,SMX
LAR,DEN
SFB,ALB
LAS,SFB
LAS,SBN
DCA,BNA
LGA,BUF
BOS,PDX
SAN,IAH
ACK,IAD
LAS,MKE
SAV,SDF
PIE,AVL
TPA,DCA
PHL,MSN
DTW,PIT
DTW,OMA
HOB,IAH
LIT,SFB
SEA,CHS
PIT,SEA
BZN,SFO
EWR,RIC
AUS,MEM
LAS,TYS
VPS,PIT
PHX,STL
ICT,LAS
ORD,TUS
ANC,PDX
ONT,DEN
HNL,ATL
ABE,MYR
TUL,AUS
ACK,LGA
TVC,IAD
PGD,RDU
LAX,PHL
JFK,MKE
MSP,RAP
CVG,SFB
OGG,DEN
AUS,JFK
DEN,GRB
MIA,GSO
DTW,GSO
BWI,CLT
PBI,CLT
SJU,DCA
SFO,ACV
XNA,ORD
SUN,LAX
GRR,LAS
FWA,PGD
PHL,BGR
SLC,BZN
JFK,DCA
BOS,PHL
STL,LAS
TYS,SFB
FLL,LEX
DEN,PUB
SAT,ATL
PGD,IAG
DCA,ROC
BWI,LAS
RIC,DFW
OME,OTZ
SLC,FCA
BGR,ORD
MEM,SFB
PVD,CLT
SAT,SLC
SLC,SAT
GJT,DEN
SHV,DEN
FCA,LAS
ORD,BGR
SEA,IAD
SAT,ORD
ATL,HSV
SPS,DFW
MCO,PSE
CAE,PHL
PSP,SLC
OKC,DEN
PBG,PIE
SFB,SGF
JLN,DEN
SLC,IAD
LAS,BNA
GEG,LAX
ORD,SLC
MIA,IAH
DFW,TPA
EUG,SNA
SFB,PIT
MYR,MCO
DEN,SHR
SAT,EWR
ATL,IAD
CVG,SAV
XNA,FLL
BTV,PHL
BOS,CHS
SFO,FCA
ORD,RIC
GRI,LAS
SBN,DTW
BZN,BNA
DCA,TPA
DCA,FLL
IAH,MAF
ROC,ORD
ORD,SAN
SBY,PHL
MCO,PDX
PDX,BIL
VPS,BWI
IAH,CMH
DEN,AVL
MDW,PGD
PIT,JAX
SAV,DFW
DSM,PHX
SJC,JFK
SAN,HNL
DEN,SLC
AMA,IAH
BUF,MCO
DDC,LBL
MIA,MSP
FLL,TPA
SBA,DFW
DCA,LAX
ORD,FSD
BOI,IAH
MIA,LGA
PIE,CHA
PIE,PSM
SAV,IND
PAE,SNA
HNL,SFO
KOA,ORD
LGA,BOS
SFB,OKC
PIE,BGR
MIA,OKC
CVG,MSP
MSP,RHI
MSP,ORD
MSN,ORD
ASE,ORD
ORD,LAX
JAX,MSP
IND,BOS
CLT,HSV
SMF,ORD
PHX,SMF
SLC,OKC
SFO,BFL
LAX,SEA
GCK,DFW
DFW,JAC
HSV,DFW
DCA,ACK
DEN,JAX
CHS,EWR
DTW,SAV
MYR,BLV
JAX,MIA
BOS,ACY
JNU,YAK
JNU,PSG
SHD,LWB
EWR,STT
PBI,DCA
SJC,LIH
ICT,IAH
PAE,GEG
LIH,DEN
FAT,LAX
MCO,PVD
LWB,ORD
FAR,DEN
SBA,LAX
BPT,DFW
CLT,CHS
HPN,MCO
DEN,ABQ
SLC,CVG
MIA,DTW
GRR,PGD
BLV,MYR
ECP,DCA
PGD,BNA
FLL,BWI
SLC,SUN
TVC,DTW
LAX,DFW
MDT,SFB
DFW,VPS
PNS,CLT
LGA,DSM
SLC,RDM
DEN,CLE
MSP,SLC
CLT,SGF
SEA,CLE
BWI,SEA
FNT,SFB
BNA,MIA
ACY,MYR
CLT,ERI
DCA,ORD
BDL,ATL
MSP,HNL
LEX,PIE
LAX,ASE
MSY,DEN
MSP,GEG
STX,ATL
CHA,DTW
PHL,ROC
BOS,IND
DFW,SJT
SBN,CLT
SYR,DFW
HSV,IAD
JAX,LGA
PIE,CVG
PGD,MDT
DCA,DAY
STL,DCA
PHX,OGG
MHT,PHL
SEA,LAX
TYS,PHX
OGG,SMF
EWN,DCA
DEN,GCC
TLH,ATL
LSE,ORD
BGR,BOS
BHM,DTW
PIE,DSM
PGD,BLV
ABI,DFW
TYR,DFW
DEC,ORD
DEN,FLG
EWR,SAN
GRR,EWR
PHL,BHM
PHL,RIC
FLG,DEN
DEN,HSV
DEN,GTF
SEA,EAT
ORD,BDL
OMA,LAX
PIA,LAS
PDX,DSM
TPA,MIA
CLT,IND
LGA,GSO
PIE,RIC
CMH,JFK
DTW,BGM
SLC,EUG
AZA,SPI
CMH,DFW
MIA,MCI
SLC,SMF
ORD,DCA
CHA,DCA
CNY,DEN
TVC,ATL
PHL,AUS
SYR,DCA
DDC,DEN
SEA,SBA
SPN,GUM
ATL,IAH
RDU,PHL
SDF,VPS
DEN,SJC
ASE,LAX
ORD,BZN
AUS,ORD
PSC,LAX
PGD,SWF
BUR,DFW
DFW,SLC
MSP,SJC
SFB,DAY
LAW,DFW
ELP,AUS
SFO,STS
PQI,EWR
LAS,ABQ
SRQ,IND
PNS,MIA
CLT,FLO
DTW,SBN
DEN,KOA
SJU,TPA
PGD,CVG
VPS,LCK
CWA,ORD
DFW,DCA
SFO,ASE
MKG,ORD
ORD,SBN
DEN,LNK
FLL,SLC
MCO,STT
RAP,AZA
MDT,PHL
DTW,DEN
DFW,DEN
EWR,CHS
FLL,DEN
TRI,CLT
DTW,MDT
MCI,ORD
MSY,ATL
CLT,DTW
MCI,SEA
PIT,LAS
FNT,SAV
ALB,BNA
XNA,LGA
IND,PHX
RIW,DEN
BWI,MCO
LAX,MSO
ACY,FLL
PHL,DAY
OMA,MSP
DEN,CHS
FLL,BUF
FNT,JAX
LAX,MFE
DAY,DFW
CLT,IAD
MSP,MSY
STL,SEA
MCO,PHX
XNA,MSP
SEA,EUG
ABQ,ORD
SFO,AUS
IND,DEN
FLL,LGA
SFB,HGR
AUS,OKC
SJU,FLL
PIT,MCO
GSP,LGA
STT,SJU
SLC,RAP
TUS,DEN
EWR,IAH
BLI,OAK
LEX,FLL
SRQ,MDT
VPS,ORD
DFW,ECP
BMI,ATL
ATL,DEN
DEN,ONT
DEN,TPA
SCE,EWR
AZA,BOI
LGA,ORH
MIA,SEA
IAD,DTW
DTW,ITH
SLC,ATL
MCO,RIC
LGA,MKE
SYR,DEN
BIL,ORD
BOS,MCI
SLC,OMA
ORD,GSP
SFB,BGR
CLT,BDL
DFW,BNA
RFD,AZA
DFW,BWI
IND,JFK
SAN,KOA
MCI,MSP
TPA,IAH
MFE,IAH
MSP,LAS
OKC,LAS
PVU,SNA
EYW,BNA
MHT,DCA
CLT,GSO
STL,PHX
SLC,TUL
EWR,PDX
DTW,BNA
FLL,MSP
SAT,PHL
CLT,LEX
FCA,SFO
EWR,CLE
ATL,BOI
AZA,OMA
LAX,CMH
BOS,ATL
MCO,CLT
LAS,IDA
AZA,DSM
STS,SFO
PIT,IAH
DFW,SAN
GSO,PIE
ORD,DTW
ONT,IAH
DEN,MSP
PGD,FSD
LAS,GRR
BLI,SAN
SEA,IND
SLC,HLN
DEN,LAS
MSP,CWA
PHX,SBA
PVD,RDU
SNA,EUG
MCO,AUS
CLT,GSP
JAX,DFW
SAT,BOS
XNA,PGD
PHX,AUS
DTW,EWR
ELP,IAH
FLL,CVG
GRR,BOS
JAC,SEA
ATW,MSP
MCO,LAX
IAD,HSV
SMF,ATL
AUS,FSD
VPS,EWR
ALB,CLT
MIA,MEM
SFO,BUR
LIT,DFW
ATL,DHN
DFW,TUL
DTW,IAH
SEA,PUW
ORD,ANC
LGA,MSY
IND,EYW
DFW,SAT
JNU,GST
DLH,MSP
CVG,MCO
CLT,PDX
MSP,PSC
RDM,DEN
PUW,BOI
AVL,CLT
MDW,MSP
SUX,DEN
IAH,SAN
BOS,MCO
PDX,ATL
MSP,DFW
OKC,VPS
DFW,FCA
BTR,ATL
PSM,PGD
PIE,SWF
TPA,LGA
LAS,MFR
AUS,TYS
DFW,LAW
ORD,SMF
RDU,PWM
IAH,ASE
BOI,LAS
RDU,AUS
SAN,LAS
PHL,CVG
MIA,LIT
PUB,DEN
ALB,MCO
DFW,JAN
FCA,DEN
MSP,FAI
BNA,PSM
LAS,RAP
FNT,PGD
CLT,ORD
DEN,FCA
ORD,ORF
PAE,LAS
SJU,EWR
PIE,SDF
OGG,ITO
ANC,DFW
CLT,MHT
SEA,PHL
DEN,SAT
PIE,FWA
PIT,AUS
CVG,DFW
EWR,ACK
JFK,SNA
ANC,LAX
ROC,DTW
ORD,DSM
MCO,CLE
FAR,SFB
TVC,LGA
SLC,PSP
GUM,HNL
PSM,MYR
LAX,BLI
DCA,TYS
LSE,MSP
ORD,MCO
CLT,ATL
PIE,FNT
SLC,TWF
LAS,HOU
SIT,SEA
BOI,GEG
MSY,SFO
LAS,BIL
MCO,SYR
MYR,PHL
USA,PIE
CHS,LCK
IAD,IAH
SLC,MCO
SLC,MKE
TPA,PHL
FLL,ALB
SEA,SFO
PIT,SFO
JAN,ATL
CLT,PNS
FAT,SLC
DEN,BFF
DEN,FLL
BUR,LAS
MCO,ISP
MFR,SEA
PIE,ROA
BIS,MSP
TYS,IAH
AMA,DFW
OKC,SLC
IAH,ORF
SFO,IAH
BNA,ATL
JAX,ATL
RIC,BOS
FAT,DFW
PHX,BOI
LAR,BFF
MCO,IND
IAG,SFB
DFW,LFT
DFW,HHH
DFW,EGE
SLC,ABQ
LAX,BZN
PDX,SBA
MYR,EWR
LCK,FLL
MIA,GSP
CLT,CLE
ABQ,SLC
IAH,PIB
FLL,JFK
ROA,SFB
HIB,MSP
DTW,SDF
ORD,CAK
FWA,CLT
PDX,SAN
RST,MSP
GSP,ORD
DEN,DIK
SBN,PIE
CID,AZA
HTS,VPS
PDX,MCO
MEM,IAH
PHX,BNA
SNA,ORD
FCA,ORD
PHX,TYS
CHS,MIA
LIT,DCA
MBS,DTW
SFO,OTH
SAV,DEN
LNK,DEN
HNL,LIH
MYR,BOS
SFO,BIH
LAX,HNL
JFK,DFW
AZA,FNT
DSM,PGD
CLT,CAK
PHL,SCE
SEA,MFR
MYR,ORD
SIT,KTN
EWR,IAD
ATL,MIA
RDU,BUF
DAL,SFO
DTW,PLN
DEN,EAR
ATL,TLH
ATL,ORF
DFW,BIL
MLU,ATL
IAD,ACK
MFE,SFB
CLT,MDT
JFK,CLT
HYA,JFK
SEA,HNL
TUS,ORD
DTW,MSN
STT,ORD
LAS,MIA
ORD,LGA
RIC,FLL
DCA,MCO
BNA,SFO
IAH,FLL
FLL,ISP
PHL,OAK
PHX,PDX
OGG,DFW
DCA,MVY
DEN,DVL
MDT,PIE
ATW,DEN
SNA,SLC
BOI,MSP
ATL,DTW
PIT,MIA
BOS,CLT
DEN,RSW
MCO,ALB
DCA,ECP
CID,DTW
IAH,SDF
OGG,PHX
CLT,MGM
OKC,SEA
EWR,SFO
SMF,MSP
SAV,DTW
LAX,OMA
KOA,SAN
DTW,FWA
DEN,BIS
SHV,IAH
PHL,CLT
IAG,PGD
DSM,BNA
SAN,MFR
SRQ,ORD
PDX,ABQ
BTM,SLC
ORD,CID
DEN,MSO
FLL,TYS
IAH,PDX
SFO,OGG
DEN,PHL
LAS,FSD
BLV,JAX
DFW,MHK
PAE,SFO
GRK,DFW
ITH,DTW
IAH,STL
PDX,LAX
SFO,IAD
SFB,SBN
PIE,BMI
DFW,LCH
CLT,TYS
MCI,MCO
SEA,PIT
CYS,DEN
FLL,USA
DSM,SNA
CMH,LAS
DTW,BTV
SFO,RDM
PDX,SMF
MSP,MIA
BOI,AZA
CLT,BUF
DFW,BUR
RNO,SFO
IAH,MOB
PGD,TYS
SFB,EYW
MIA,SAN
YAK,CDV
DEN,COS
LGA,IAH
EWR,MCO
MCO,FLL
HTS,PIE
CHA,PIE
SFB,TOL
SJU,DFW
STL,IAH
AUS,HNL
MIA,CLT
LBF,DEN
DEN,LWS
PVD,EWR
AVL,LGA
ONT,PDX
ROC,EWR
JFK,IAD
MSY,PHL
LAS,RFD
CID,LAS
BNA,JFK
DTW,IAD
TUS,SFO
PNS,DFW
SBP,LAX
ORD,EWR
RDU,MIA
EYW,PIE
PHL,TYS
DTW,IMT
SEA,ORD
ATL,OMA
ORF,ORD
ALB,ORD
PIA,AZA
IMT,DTW
MSP,SDF
COS,LAS
FSD,PGD
ATL,FLL
PIE,TOL
TOL,PGD
ROC,CLT
PIT,PHL
EWR,BQN
DEN,SAF
SEA,BOS
MSP,CHS
LAS,SNA
OAK,KOA
LBB,DFW
BWI,BOS
PHL,SEA
FAT,ORD
SWF,MCO
LAS,PIA
VPS,ICT
IAH,LCH
ATL,CLE
ATL,FWA
SPI,PGD
XNA,PIE
GRR,PHL
MSP,IMT
BIL,MSP
DCA,CHA
ORD,SLN
SAN,MSO
PDX,LAS
CID,PIE
PHL,VPS
IAD,ORD
SJU,IAD
EWR,ITH
LAX,ATL
BRW,ANC
SFO,PDX
ATW,ORD
ATL,CAE
TPA,DTW
GNV,MIA
STL,PHL
SLC,JAC
DEN,BNA
SFO,SNA
DTW,BDL
MSP,BNA
MDW,PHL
HGR,PIE
DAY,PIE
SEA,TPA
DEN,BFL
LAS,SFO
EWR,BZN
FWA,AZA
DFW,TXK
SLC,MSO
IAD,TPA
JAC,LAX
ORD,SFO
MEM,DFW
DFW,COS
SAV,PHL
LCK,PGD
CLE,CLT
SAV,CLT
BOI,DFW
ATL,XNA
LAX,RDM
BWI,VPS
BQK,ATL
KOA,SEA
DCA,DFW
CLT,OAJ
DEN,CNY
MBS,ORD
LBL,DEN
PHL,RDU
FCA,OAK
DFW,MCI
LAS,MOT
BZN,LAS
PIE,ELM
PHL,BTV
HSV,DCA
MKE,DFW
JAX,IAH
SNA,EWR
SFO,JFK
ATL,JAN
IDA,SNA
XNA,DCA
DFW,RAP
BET,ANC
DTW,MQT
DEN,DFW
SHV,LAS
AZA,GEG
DFW,BRO
OAK,ORD
IAD,CHO
SLC,SAN
CLT,BTV
XNA,CLT
CMH,FLL
BOI,LAX
MSP,STL
BNA,DTW
GRR,MCO
PIE,SBN
PIT,FLL
CLT,TRI
ITH,PHL
FAT,LAS
HNL,AUS
LGA,AVL
PHL,FWA
TVC,ORD
HSV,IAH
MCO,HOU
SGF,LAX
MIA,IND
RIC,LGA
MQT,DTW
ROA,IAD
RDU,CLE
SFB,ELM
CRW,DCA
ALB,LGA
DFW,SNA
DTW,DFW
MCO,SJU
PIA,CLT
BOI,SEA
STT,EWR
XNA,IAH
ATW,SRQ
AVL,DFW
GRR,DCA
LAS,PDX
SFO,DTW
DFW,SJU
HSV,DEN
PGD,HTS
ABE,SAV
MIA,ROC
MEM,CLT
LGA,CLE
PIE,FSD
BOI,DEN
PHL,SLC
JAC,MSP
LAS,HRL
TPA,PHX
GEG,BOI
SNA,SEA
HOU,AVL
DCA,ALB
LAX,ACV
LAS,OMA
BOS,ORF
SFB,IND
EAT,SEA
PHX,HNL
CLT,MKE
DEN,XNA
PWM,IAD
LGA,MCO
TYS,ATL
LAS,SAT
HTS,MYR
DCA,PWM
MEM,PHX
FAT,SEA
MCO,HPN
SAT,SFO
AEX,ATL
CLT,MSY
CLT,LAX
HPN,FLL
MSP,BZN
CAK,DCA
DCA,MGM
DEN,OKC
ABQ,SFO
FSD,LAS
FWA,LAS
DFW,CVG
SLC,BUR
DEN,BOS
DEN,ELP
JFK,FLL
JAX,PHL
ORF,CLT
DCA,SEA
KTN,SIT
MLB,ATL
LGA,STL
LAS,IAD
BUF,ATL
EVV,DFW
MIA,CAE
PSC,MSP
OKC,ATL
IAH,PIT
LNK,ORD
AVL,BOS
FWA,SRQ
DCA,ORF
ATL,TRI
PHL,EYW
SFO,EWR
ROC,MCO
IND,AUS
BGR,DCA
PHX,MCI
SYR,PHL
PIE,PIA
FLL,ACY
LAS,DCA
JFK,PSE
ORD,MDT
IAD,MCO
MSP,CLT
DTW,RDU
JFK,AUS
MCO,ELP
OAK,IDA
CVG,CLT
MCI,JFK
DFW,CMH
STL,DTW
IAH,BNA
SEA,SNA
BUF,DTW
RDU,LAX
DFW,SJC
SFO,ONT
LAX,LAS
ORD,GTF
SAN,PHX
VPS,TUL
IAH,MIA
SAV,IAD
IAH,HSV
DTW,PDX
SLC,TPA
CLE,LAS
PSM,BNA
CLT,TLH
CLT,LGA
MEM,MIA
ROA,CLT
MSP,IND
ORD,BNA
SAF,DEN
MSY,LAX
MSP,RSW
MSP,SNA
SRQ,GRR
MCI,VPS
CAE,CLT
CLE,DCA
PHX,SAT
RDD,SEA
DFW,DTW
DCA,JFK
FSD,SNA
SRQ,FNT
DFW,EUG
CDV,ANC
DEN,ORF
IAH,CRP
BOS,MIA
MCO,GRR
BLI,LAS
PBG,SFB
RSW,DCA
MSY,SEA
DCA,PDX
ACK,BOS
ISP,FLL
SAV,FNT
ACY,RSW
CHS,LGA
ABQ,ATL
MIA,PHL
AVL,AUS
BOI,SLC
JFK,PBI
MFR,LAS
PHX,MKE
BUR,SLC
LAX,COS
ORD,COS
CHS,ORD
DIK,DEN
DFW,PHL
SEA,STL
SEA,BNA
PHX,SAN
IAH,TYS
RDU,SEA
SAT,MSP
PIE,TYS
CMH,LAX
IAH,JFK
DEN,OGG
DFW,MSP
SNA,MSP
ONT,HNL
DFW,STT
BOS,SAT
SFO,SAN
BDL,DEN
MSP,BDL
BNA,MCO
OMA,DFW
BOS,RIC
CLT,JAX
ORF,DFW
FLL,PHX
GTF,SLC
PAH,ORD
IAH,SJC
LAS,GTF
OGG,SAN
DFW,GRK
PIT,DCA
PGD,SPI
BNA,FNT
HNL,ITO
DSM,DEN
LAX,LIH
IAD,MIA
ALB,RDU
USA,SFB
DFW,GCK
OGG,SEA
MSP,SEA
STT,FLL
CHA,CLT
SGF,ORD
EWR,MCI
MSY,LAS
LAS,AMA
DFW,ANC
SLC,MFR
VPS,MEM
DTW,CVG
SFO,SBA
TPA,BUF
PVU,AUS
HPN,DCA
MEM,PHL
MFR,SLC
PIT,MLB
DVL,DEN
GUC,DEN
ATL,CHS
SFB,AVL
PHX,SFO
ORD,EUG
JAC,DEN
ATL,TTN
LAS,GEG
ORD,BIL
ANC,SEA
PIT,PGD
AZO,DTW
GRR,ATL
ANC,MSP
SFB,LIT
FWA,MSP
CLT,IAH
FLL,STX
PGV,CLT
ANC,BET
SFO,MFR
FLL,IAH
SLC,LAS
SNA,FSD
PIT,MYR
CLT,PHF
SEA,RSW
LGA,SRQ
BDL,MYR
AUS,MCO
PHL,SYR
DSM,LGA
CLT,PGV
SJC,ONT
AZA,MOT
BUF,BWI
PHX,TUL
GRR,MDW
HOU,SJC
SLC,IND
IAD,MDW
AMA,DAL
LGB,HOU
TPA,IND
FLL,BLV
MCO,DAL
MCI,OAK
FLL,GRR
BNA,SAV
MDW,PVD
BWI,ISP
LGB,SJC
PBI,IND
PNS,MCI
AZA,GJT
MDW,ORF
LGA,SDF
PSP,IND
MCI,PDX
BHM,LAS
HOU,TUL
BWI,CVG
HOU,MDW
BWI,SYR
MCI,CHS
RSW,PWM
MIA,OMA
OKC,BNA
MTJ,DAL
LGB,RNO
BDL,RSW
SAN,RNO
SJC,BNA
MKE,MIA
BUR,MDW
BZN,SAN
RNO,HOU
PHX,ICT
BWI,IND
BWI,SAN
CLE,SLC
DAL,HDN
PNS,STL
IND,IAD
BNA,MDW
SMF,LGB
TVC,EWR
BNA,SNA
STT,BOS
DAL,MDW
EWR,RAP
HDN,DAL
BWI,MKE
STC,AZA
TPA,ROC
OGD,AZA
BUR,RNO
CLE,BWI
HHH,LGA
HOU,LAX
COS,MCO
PHX,RDU
LAS,MSN
HDN,SEA
BWI,ORF
MSO,SNA
LEX,DCA
MKE,SRQ
MCI,PNS
PHL,CMH
BHM,HOU
SAT,STL
BOS,VPS
HRL,MCO
CMH,EWR
MFE,BNA
PHX,MSN
DAL,LIT
PVD,BWI
BHM,TPA
MDW,BWI
MDW,PIT
DAL,PSP
RDU,PHX
PWM,BWI
PBI,MDW
DAL,CLT
PGD,ELM
MDW,JAX
BWI,ABQ
OKC,LGA
SAV,BWI
RAP,LGA
MCI,ABQ
DAL,STL
STL,MKE
LAS,MAF
CMH,HOU
PHL,MVY
FNT,FLL
SNA,DAL
HOU,MKE
EWR,PWM
TUS,HOU
ALB,MDW
PWM,MCO
MCI,RSW
PDX,STL
BMI,DFW
HOU,SMF
AUS,HOU
BNA,ECP
ORF,EWR
MDW,SLC
AUS,ONT
MRY,SAN
HOU,MEM
BZN,DAL
OAK,STL
OAK,RNO
SBA,OAK
SDF,PHL
LAS,BHM
MRY,SEA
ABQ,MCI
GEG,SJC
MSP,AZA
SRQ,TUL
JAN,DCA
SAT,DAL
GSP,IAH
BOI,OAK
MYR,MDW
BWI,PHX
SAN,ELP
DEN,ECP
DAL,AMA
CHA,MIA
GRR,TPA
PSP,MSP
PAE,TUS
MCO,RSW
MSN,LAS
GRR,VPS
BWI,LGA
BWI,BDL
BFL,DFW
BLI,PSP
HOU,JAX
MCO,BMI
HOU,ABQ
RSW,BWI
DSM,DCA
PWM,TPA
AMA,AUS
SRQ,MSP
MIA,MKE
DAL,SLC
STL,RSW
DFW,PIA
PBI,BDL
STS,PDX
DCA,IND
MIA,CHA
AZA,OAK
RAP,EWR
BNA,MKE
DAL,OAK
MDW,PBI
EUG,SJC
PSP,LAS
SJU,MSP
HOU,SAV
OAK,MDW
PGD,SYR
PIT,TPA
CHS,MCI
PGD,OMA
SJU,LGA
OAK,BNA
ORD,ACK
IAH,SAV
MDW,ONT
BHM,BWI
DAL,IND
MDW,AUS
MDW,PNS
TPA,ALB
DEN,DAL
PDX,PSP
TPA,MEM
DAL,HRL
HOU,TUS
MDW,SAN
CHS,AUS
SAN,ABQ
TPA,CMH
PNS,MCO
AUS,PGD
ECP,STL
HOU,PHX
PSP,DAL
LGA,DAL
IND,DCA
MEM,DAL
MCI,MSY
PNS,BNA
AUS,HRL
ONT,SMF
ECP,MDW
HOU,LBB
ROC,TPA
MCO,HRL
HOU,CMH
DCA,SDF
RSW,IND
MDW,TUS
RIC,IAH
FSD,DFW
HHH,ORD
FLL,DAL
SJU,BUF
RNO,ATL
HOU,CVG
BWI,SAV
SRQ,DAL
SAN,MSY
ICT,STL
DCA,MLB
PHX,BUR
SJC,EUG
ECP,AUS
MSP,HDN
MDW,ROC
STL,PIT
BUF,MIA
CLE,BNA
SMF,SNA
SAV,IAH
PGD,ROC
GPT,CLT
HOU,RSW
DAL,LBB
CLE,STL
LAX,MDW
HOU,GSP
CVG,BWI
STL,JAX
SMF,GEG
LGB,SMF
STL,MSY
PHX,LBB
BDL,PBI
RFD,SRQ
AUS,DCA
COS,SAT
BWI,JAX
BHM,MDW
GEG,OAK
PNS,MDW
IAD,MYR
PVD,MIA
PIT,HOU
PHL,DAB
STS,PHX
PNS,PHL
ABQ,BUR
CLT,ATW
ATL,HDN
IND,TPA
BNA,SAN
STL,BWI
BWI,GRR
CID,MCO
MVY,CLT
MYR,MCI
AZA,MSP
PHX,LIT
STL,SMF
SJC,PSP
SDF,DAL
AUS,OAK
EYW,DCA
MSP,TUS
PGD,STC
CLT,MLB
DAL,PHL
DAL,RDU
SEA,MRY
BNA,BWI
MDW,ALB
GSO,SFB
STL,SAT
MCI,TPA
ACK,PHL
BNA,SAT
DAL,LAS
PDX,SBP
AZA,STC
CVG,MDW
MSN,DCA
GRB,TPA
HOU,IND
VPS,BNA
SYR,RSW
ONT,DAL
RAP,IAH
IAD,EYW
PHX,BWI
LBE,RSW
IAH,MDW
ABQ,SAT
TPA,PVD
CLT,FSD
SRQ,HOU
PVD,RSW
MIA,TUL
AMA,AZA
DFW,CID
LGA,CMH
PBI,BWI
TTN,PBI
LBB,AUS
SAN,MDW
SRQ,CMH
RSW,AUS
MCI,HOU
BWI,BHM
GTF,AZA
AZA,MFR
MDW,MIA
BUR,ABQ
TUS,SAN
RDU,PIT
MSY,MCI
BOS,SDF
OAK,HOU
SJC,DAL
ORD,MVY
FAR,PIE
RSW,OMA
SAT,SAN
CMH,BNA
STL,OKC
HOU,DTW
MCI,IAD
HOU,MCI
LGB,OAK
IAH,GUC
MDW,LGB
GJT,PHX
VPS,MDW
ELP,HOU
CRP,HOU
IND,PBI
SGF,AUS
DAL,MSP
PHX,GJT
ONT,AUS
HOU,ELP
SNA,SJC
SDF,MDW
DSM,MIA
ATL,PSP
RSW,LBE
BWI,JAN
MDW,BOS
PHX,FSD
PDX,PAE
SMF,SBA
TVC,SFB
MDW,PWM
SWF,MIA
IAH,RAP
PHL,CAK
MCI,MYR
CLT,AEX
DAL,SAV
PHX,OKC
MVY,PHL
HDN,ORD
CVG,HOU
MEM,BWI
SNA,STL
PHX,RAP
PAE,PDX
BWI,ROC
DAL,BHM
TPA,PWM
SYR,SRQ
JAX,BWI
PBI,AUS
SJC,LGB
SJC,LAS
MFR,PHX
TPA,GRB
PHX,ELP
CMH,RSW
HOU,SDF
BWI,MEM
BWI,PIT
OMA,RSW
PGD,MCI
CAK,RSW
LGA,RAP
MCO,OKC
AUS,XNA
PHX,MRY
GRR,BWI
MHT,BWI
ABQ,BWI
IAD,IND
AUS,CMH
HDN,MSP
MDW,BNA
IND,BWI
MDW,MCO
GSP,HOU
FSD,PHX
ELP,SAN
AZA,GTF
AUS,MDW
MDT,MCO
DCA,DSM
AZA,PIT
DAB,PHL
ORD,HDN
MAF,PHX
ORD,PBI
PGD,RIC
MCI,BWI
RIC,MDW
SNA,BZN
BNA,HOU
HOU,MIA
MAF,AUS
SLC,CLE
PSP,PAE
TPA,HOU
MCO,XNA
OMA,HOU
SAN,BWI
BOI,PSP
MDW,ABQ
PBI,TTN
HDN,HOU
DCA,AVL
SFB,TVC
HOU,OMA
MDW,SDF
OGG,SLC
AEX,CLT
OMA,PGD
RSW,BDL
BDL,TPA
FLL,FSD
EWR,GSP
RNO,SAN
MCO,CID
HOU,TPA
HHH,DCA
MOT,AZA
XNA,HOU
SRQ,BNA
OMA,MDW
SFO,MDW
MKE,LAX
MSY,DAL
SJC,AUS
CLT,SHV
DAL,CHS
ACK,CLT
SAN,MCI
ROW,DFW
CMH,LGA
OAK,BOI
ELP,LAX
SMF,PSP
RDM,LAS
MDW,COS
PHX,LGA
SAT,MSY
SMF,AUS
PWM,EWR
DFW,BFL
ALB,MIA
EWR,EYW
TYS,SRQ
MVY,ORD
MEM,TPA
ONT,HOU
FLL,STL
OKC,HOU
VPS,BOS
DAL,PHX
MLB,CLT
BNA,CHS
LGB,MDW
HOU,BWI
HOU,FLL
DSM,STL
MCO,BTV
CMH,BWI
EWR,PHL
LGB,STL
OMA,TPA
SDF,PHX
DAL,SNA
SAT,ELP
MSP,SJU
MCO,GRB
SJC,STL
MDW,BUR
OKC,MCO
IAH,GRR
AZA,SMX
MDW,MCI
MIA,ALB
HHH,PHL
SJU,MDW
DAL,MCI
FSD,FLL
CAK,TPA
OAK,AUS
DFW,BMI
HHH,BOS
LAS,BUF
PIT,RDU
IAH,CHS
BWI,SAT
GRR,IAH
GJT,AZA
AUS,LBB
PHX,MAF
EWR,MKE
LAS,RDM
PVD,TPA
MDW,CVG
SRQ,MDW
MCO,ILG
PSP,PVU
BNA,PWM
RSW,MKE
STL,PDX
MKE,BNA
LGB,AUS
SFO,STL
STL,CLE
OKC,SAT
PHL,ACK
MIA,GRR
BNA,VPS
DAB,DFW
DAL,VPS
STL,SAN
PIT,PHX
CLT,HHH
JAC,ATL
GRB,MCO
SRQ,STL
DAL,MCO
CMH,SRQ
HRL,HOU
LGB,DEN
HOU,OKC
DCA,TLH
SYR,BWI
IAH,FCA
SMF,KOA
SLC,OGG
HOU,MSP
DCA,HOU
MDW,CHS
DCA,HHH
SNA,SMF
IAH,RIC
MDW,CLE
BWI,PBI
RSW,BUF
GSO,DCA
DEN,LGB
FLL,MDW
FCA,IAH
BWI,BUF
PSP,DSM
BGR,FLL
STL,SJU
HOU,SRQ
SBP,SEA
LGA,EYW
TVC,PGD
PGD,TVC
PSP,PDX
RDU,MDW
EUG,PSP
SBA,SAN
BNA,ORF
BWI,PWM
AUS,MAF
RSW,CMH
BNA,ISP
LIT,STL
PDX,DAL
BUR,PHX
MCI,STL
MIA,MDW
CLT,EWN
PAE,PSP
BNA,CLE
MYR,CMH
FLL,SAT
MHT,MDW
COS,MDW
FAR,DFW
MKE,DCA
BOS,TVC
HOU,SNA
TPA,SDF
MSP,SRQ
MIA,SWF
TPA,MCI
PIT,AZA
AZA,MLI
TPA,SYR
FLL,FNT
SDF,RSW
BNA,SRQ
MHT,TPA
MIA,PVD
DAL,AUS
MDW,IAD
MDW,LAX
MKE,DAL
LEX,HOU
FSD,MCO
EVV,ORD
MDW,HOU
MDW,OMA
DAL,ORF
MSN,MIA
SDF,BOS
MDW,VPS
BDL,MDW
MIA,MYR
HOU,JAN
MSN,EWR
RSW,STL
STL,FLL
TPA,OMA
SRQ,RFD
HOU,BOS
MDW,CMH
SMF,DAL
SAN,SBA
BWI,CHS
STL,MCI
TPA,DAL
MLB,DCA
BNA,CMH
HSV,MIA
PHL,HHH
TYS,MCO
HOU,SLC
PHX,SDF
GEG,SMF
RSW,PVD
LGA,LAX
DAL,ORD
OAK,ABQ
FLL,MKE
DAL,TPA
TUL,AZA
DAL,DEN
MKE,HOU
SLC,MDW
CMH,STL
TPA,MKE
LGA,OKC
BUR,BNA
SAV,BNA
MDW,STL
BNA,OKC
DAL,ONT
DFW,HRL
MDW,DCA
DFW,DAB
ATL,HHH
FLL,HOU
HOU,CRP
PSP,SJC
BNA,MSY
SRQ,BWI
ALB,TPA
STL,OMA
SRQ,CLE
BWI,ALB
RDU,BWI
BLV,FLL
MCI,FLL
JAN,BWI
MDW,SAT
OMA,MCO
BWI,SRQ
HOU,DCA
OMA,DAL
PNS,HOU
CLT,ACK
DAL,MSY
PBI,IAD
HOU,LEX
DAL,PIT
CHS,BNA
SDF,DCA
TUL,DCA
SFB,GSO
OAK,PSP
CAK,MCO
OAK,TUS
TTN,RSW
LGA,PHX
IAD,PBI
MCI,SFB
BNA,PSP
DCA,MSN
MTJ,ATL
DCA,EYW
RSW,HOU
PIT,RSW
BNA,MCI
GFK,AZA
MIA,DAL
SAT,BNA
SMF,HOU
MKE,EWR
SRQ,MKE
DAL,MTJ
ONT,SJC
DAL,HOU
DAL,BZN
CLT,MVY
ABQ,MDW
DAL,RSW
SDF,LGA
PSP,BNA
MAF,DAL
XNA,AUS
DEN,HOU
ELP,SAT
MDW,GRR
SRQ,DTW
DFW,FAR
OAK,SBA
EYW,IAD
BNA,STL
SJC,MDW
ROC,BWI
AUS,DAL
STL,OAK
HOU,LGA
TPA,MHT
EYW,EWR
BOS,MDW
MDW,RDU
DCA,PHL
SNA,MDW
TPA,PIT
MKE,RSW
AUS,CHS
MSY,MDW
RSW,MDW
PHX,CVG
SRQ,MCI
DAL,FLL
RIC,SRQ
DAL,SDF
BUF,SJU
ISP,BWI
MCI,ECP
SCE,SFB
HOU,COS
BNA,DAL
CLT,PIA
EWR,BGR
AZA,OGD
DAL,MKE
TPA,BHM
ICT,PHX
LGA,MDW
MDW,OAK
RAP,PHX
EWR,MSN
LBB,DAL
LIT,DAL
AUS,BWI
ORD,HHH
MFR,AZA
STL,RDU
BWI,CLE
MCO,PNS
RSW,MHT
BZN,IAH
DCA,AUS
STL,LIT
DAL,BUR
BUF,PHL
DCA,DAL
ECP,IND
AZA,XNA
MSY,PHX
IAH,MTJ
PSP,EUG
ROC,PGD
PHX,CID
DAL,LGB
SMF,BUR
LGA,HHH
BMI,MCO
BTV,MCO
EWR,CMH
PNS,DAL
IAH,BZN
SRQ,TYS
DAL,IAH
STL,TPA
RNO,LGB
BDL,BNA
SNA,MSO
ORD,DAL
CMH,MYR
MKE,FLL
PSP,MDW
ORF,BWI
MRY,PHX
RNO,BUR
PBI,ISP
MDW,OKC
DFW,DRT
SHV,CLT
AUS,ECP
AZA,GFK
MYR,MIA
IND,ECP
TUL,MIA
AVL,DCA
BHM,MCO
PIT,MDW
SJC,HOU
PHX,BUF
MEM,HOU
PHX,YUM
MCO,COS
BOS,HOU
LIH,LAS
PHX,DAL
HOU,XNA
HOU,MAF
LAS,DAL
RSW,PIT
STL,SJC
BHM,DAL
PHX,PSP
MCO,MSN
ACY,PBI
DAL,ABQ
PDX,MCI
RSW,MCO
MDW,PSP
PHX,BFL
SAT,COS
MCO,MDT
TUL,SRQ
MCO,OMA
LBB,LAS
SAT,ABQ
ECP,BNA
SAT,BWI
HNL,SLC
EGE,ATL
LAS,LGB
SYR,PGD
RIC,PGD
HRL,DFW
MEM,MDW
ROC,MDW
SJU,BNA
SAN,MRY
PSP,BLI
PHL,BUF
SAV,HOU
PHL,TVC
MDW,MYR
TUL,DAL
RSW,ISP
LGB,DAL
BWI,DAL
AUS,SJC
OAK,ONT
STL,TUL
LGA,SJU
BOS,HHH
SJU,STL
MCI,SAN
ABQ,HOU
BUF,LAS
MCO,LIT
ILG,MCO
CLE,MDW
LAS,TUS
DAL,JAX
STL,ICT
STL,PNS
DSM,IAH
BLV,AZA
SAN,SMF
ISP,RSW
MDW,BUF
CLE,SRQ
BWI,HOU
DAL,SAN
OAK,BUR
SAT,TPA
MKE,TPA
ABQ,OAK
RNO,OAK
PGD,AUS
BWI,MCI
HOU,MTJ
HOU,VPS
PHL,PNS
IND,HOU
SJC,SNA
MDW,DAL
SAN,BNA
ECP,BWI
SEA,SBP
SAN,HOU
HOU,ONT
FLL,MCI
MIA,HSV
DAL,TUL
MDW,RIC
PWM,RSW
ACK,ORD
OMA,MIA
SBP,PDX
DAL,ELP
MCO,DSM
CMH,AUS
MDW,CLT
BWI,CMH
SDF,TPA
IAD,MCI
PBI,ACY
DAL,PNS
HSV,MCO
DTW,HOU
MSN,PHX
CAK,PHL
DSM,PSP
BUR,SJC
VPS,DAL
BFL,PHX
PSP,BOI
BWI,AUS
LAS,KOA
RIC,SFB
TUL,MDW
KOA,SMF
AZA,AMA
LAX,LGA
STL,SRQ
LGA,BWI
SBA,LAS
PWM,BNA
FLL,BGR
ORD,EVV
SDF,IAH
HOU,RNO
PHL,DAL
DEN,SRQ
DAL,COS
ISP,BNA
IAH,MCI
MDW,BDL
BNA,BUR
MIA,BUF
MIA,MSN
HOU,SAT
RSW,MCI
HOU,AUS
SEA,MDW
PIE,FAR
BNA,MYR
SNA,GJT
AUS,AMA
MDW,SMF
GSP,EWR
TUS,OAK
MDW,SRQ
HOU,SJU
DCA,LAN
LAS,PSP
LAS,SJC
PSP,ATL
MCO,HSV
SAN,BZN
MDW,TUL
SRQ,DEN
DAL,MYR
GJT,SNA
LBB,HOU
SAN,STL
MTJ,IAH
BUR,DAL
MSP,PSP
PVU,PSP
OMA,DCA
PHX,HOU
AUS,SMF
DRO,PHX
MIA,DSM
CLT,FNT
MDW,SFO
HOU,DAL
PSP,PHX
MLI,AZA
LAN,DCA
LAX,HOU
SMF,MDW
RNO,SNA
GSP,BWI
BWI,GSP
GRR,FLL
MCO,BHM
TPA,GRR
RSW,SDF
OAK,LGB
MAF,HOU
OAK,MCI
STL,LGB
TPA,BDL
MCO,CAK
SNA,BNA
MLB,USA
MCI,BNA
SAT,HOU
CHS,STL
IAD,BZN
PHX,MSY
BNA,RSW
ALB,BWI
DCA,LEX
DFW,ROW
BWI,RDU
DAL,BNA
ORF,MDW
PHX,LGB
RNO,DAL
CHS,BWI
LAS,LIH
MCO,TYS
EWR,TVC
STL,SNA
BUR,OAK
MDW,MEM
MCI,IAH
DSM,MCO
BWI,MDW
BOS,MEM
COS,DAL
ECP,MCI
CLT,ITH
RSW,DAL
OKC,MDW
ECP,DAL
IAH,GSP
MCO,PWM
SAV,DAL
AUS,SGF
MCI,DAL
BGR,EWR
BUF,RSW
SJC,BOI
TUL,HOU
DAL,SAT
SLC,DAL
XNA,AZA
CLE,PGD
COS,HOU
ELP,DAL
HOU,LGB
STL,BNA
IND,SLC
CHS,DAL
MDW,PDX
PSP,OAK
SJC,RNO
SFB,MCI
MCI,SRQ
BNA,BDL
SYR,MIA
SAT,OKC
IAH,DSM
LGA,PNS
BUR,SMF
AZA,BLV
DAL,SJC
MSP,DAL
PHX,PIT
STL,MDW
HOU,BNA
KOA,LAS
MKE,STL
OKC,STL
OAK,AZA
MDW,SEA
SBA,SMF
PSP,SMF
HOU,MSY
STL,ECP
STL,HOU
MAF,LAS
SAT,MDW
SAN,SAT
MDW,MSY
MDW,RSW
ELP,PHX
JAN,HOU
JAN,MCO
DAL,BWI
SMF,ONT
PHX,DRO
IND,PSP
LAX,MKE
TPA,SAT
MDW,BHM
AZA,TUL
TUS,LAS
YUM,PHX
SAN,DAL
SDF,HOU
PIT,BWI
MYR,DAL
SFB,GFK
DCA,OMA
DAL,MEM
SJU,HOU
BNA,PNS
BUR,HOU
PDX,MDW
PWM,MDW
MSY,SAN
LGB,LAS
SEA,HDN
DAL,SMF
HOU,OAK
LAS,SBA
BNA,SJC
CMH,PHL
SMX,AZA
PHL,EWR
MKE,BWI
MSY,BNA
SJC,GEG
SAT,FLL
RNO,SJC
MIA,HOU
RDU,DAL
BZN,SNA
ABQ,DAL
ONT,OAK
GRR,RSW
DRT,DFW
DAL,CMH
MSY,STL
HOU,BUR
ORF,DAL
MSP,HOU
BWI,PVD
PHX,MFR
MDW,MHT
MTJ,HOU
MCO,MDW
DAL,RNO
HHH,ATL
SFB,SCE
ORF,BNA
CMH,MDW
BZN,IAD
ITH,CLT
HOU,STL
ATL,MTJ
PVD,MDW
TVC,BOS
RDU,STL
LAX,DAL
BNA,OAK
JAX,DAL
STC,PGD
TPA,CAK
BWI,SDF
HRL,DAL
DAL,SRQ
TPA,LBE
MDW,SNA
BNA,SJU
PIT,STL
MCO,JAN
ATL,EGE
LIT,MCO
LGB,PHX
GFK,SFB
ELM,PGD
SNA,HOU
HOU,CHS
HOU,ECP
SAN,TUS
HOU,HDN
SNA,RNO
CLT,DAL
USA,MLB
MDW,ECP
BUF,PHX
IND,DAL
HDN,ATL
LIT,PHX
JAX,MDW
LBB,PHX
IND,RSW
PHX,STS
BUF,MDW
RSW,TTN
DAL,ECP
MDW,SJU
CLT,MDW
SLC,HNL
BDL,BWI
CMH,DAL
OMA,STL
CVG,PHX
RSW,GRR
CHS,MDW
CID,DFW
TPA,BMI
PHX,OAK
PNS,LGA
BOI,SJC
STL,DAL
OAK,GEG
TUL,STL
GUC,IAH
DCA,CAK
HOU,SAN
MDW,LGA
DAL,OMA
BMI,TPA
CMH,TPA
TVC,PHL
LBE,TPA
JAX,STL
SJC,BUR
CHS,IAH
ATW,CLT
MDW,IAH
SRQ,RIC
LAS,LBB
RSW,SYR
DAL,MAF
SDF,BWI
RSW,BNA
DFW,FSD
DAL,LAX
ABQ,SAN
BNA,MFE
HHH,CLT
MYR,BNA
TPA,STL
ONT,MDW
JAX,HOU
AUS,PBI
MEM,BOS
CLT,BGR
DAL,DCA
MSN,MCO
DAL,MIA
ECP,HOU
OKC,PHX
MSP,PBI
OAK,PHX
TUS,MSP
SRQ,SYR
PGD,CLE
EYW,LGA
STL,SFO
HOU,HRL
MDW,FLL
MSY,SAT
BWI,ECP
PIT,DAL
DCA,MKE
VPS,GRR
DAL,LGA
SLC,HOU
TUS,MDW
MHT,RSW
GRR,MIA
STL,DSM
BWI,STL
MCI,PGD
MSY,HOU
MDW,SJC
AUS,LGB
CID,PHX
TUS,PAE
BWI,BNA
BWI,MHT
LAX,ELP
LGA,HOU
IAH,DAL
MCO,FSD
ISP,PBI
SYR,TPA
ATL,RNO
RSW,CAK
HOU,BHM
HOU,DEN
OAK,DAL
MYR,IAD
FAR,MCO
HOU,PNS
PBI,ORD
BWI,RSW
HRL,AUS
AUS,BUR
MYR,STL
AUS,RSW
CLT,GPT
MIA,SYR
DAL,PDX
SFB,RIC
TUL,PHX
XNA,MCO
PIA,DFW
HOU,PIT
PBI,MSP
CHS,HOU
MCI,MDW
STL,CMH
MCO,FAR
FSD,CLT
IAD,ILM
PSP,JFK
SAN,STS
SGU,PHX
IDA,DFW
XNA,EWR
PBI,LAX
AVP,IAD
MIA,EGE
ILM,ORD
LAX,HDN
SAN,SBP
STS,SNA
DFW,YUM
IAD,GSO
ROW,PHX
ALS,DEN
PDX,KOA
PHX,MTJ
EWR,XNA
JFK,EGE
BIS,PHX
SBN,DFW
PBI,IAH
OKC,TPA
PBI,PVD
CLT,TVC
PBI,PGD
BIS,DFW
SAF,PHX
ORD,EGE
EWR,MTJ
PHX,FAR
LIH,PDX
PHX,BIL
KOA,ANC
SAN,FAT
DFW,ASE
IAD,AVP
SAF,DFW
BUR,STS
IAD,HDN
IDA,PHX
TRI,DFW
IAH,PSP
STS,SAN
PHX,IDA
BDL,SFO
LAX,OKC
SDF,MSY
ANC,KOA
SGU,DFW
JFK,EYW
MSY,SDF
VPS,IAH
ERI,IAD
ANC,OGG
YUM,DFW
AVL,PHL
FLL,SWF
CHO,ORD
DFW,CSG
DFW,LGB
EGE,SFO
PHX,BIS
SCE,IAD
MKE,IAD
DEN,ALS
LAS,BDL
JFK,PSP
PGD,PBG
HDN,IAH
STS,BUR
RSW,ROC
PHX,SBP
DTW,DAB
ORD,PSP
MSY,USA
RDM,SAN
OGG,ANC
BZN,FLL
PHX,ASE
ACV,PHX
JAC,PHX
RIC,TPA
PSP,IAH
PHX,JAC
DFW,BIS
DFW,FWA
RDM,PHX
PHX,SGU
RSW,ALB
SFO,EGE
PGD,HOU
PHL,PHF
JAX,GRR
LGB,DFW
HDN,FLL
BOS,HDN
JFK,JAC
DFW,TRI
BDL,LAS
PVD,PBI
BOS,EYW
RSW,SFO
SWF,FLL
AVL,IAD
PHL,AVL
EGE,IAH
MSY,IND
LAX,STS
TPA,OKC
EYW,IAH
IAD,ABE
HNL,ANC
FAR,PHX
PHX,ROW
HDN,BOS
TUS,PDX
ITH,IAD
IAH,SRQ
BIH,LAX
DFW,IDA
IAD,GRR
FCA,SAN
BOI,BUR
DFW,SAF
EGE,JFK
SRQ,IAH
LAX,RSW
IAD,AVL
EYW,BOS
BIH,DEN
GSO,IAD
ILM,IAD
ASE,SNA
RSW,LAX
IAH,PBI
SAN,RDM
PHX,SAF
JAC,SAN
IND,MSY
ORD,ILM
IAD,MKE
JAC,JFK
MSY,CLE
IAH,EGE
CLE,MSY
EWR,EGE
GSP,IAD
ROC,RSW
USA,MSY
SNA,STS
MSY,CMH
PHX,FLG
BGR,IAD
SFO,MTJ
ANC,HNL
FWA,DFW
HOU,PGD
FAT,SAN
CSG,DFW
LAX,EGE
FLG,DFW
OKC,LAX
DFW,FLG
DAB,DTW
GTF,ORD
SGF,HOU
DFW,SGU
ALB,RSW
SNA,ASE
ASE,DFW
ORD,CHO
PSP,ORD
DEN,HYS
DRO,DFW
FLG,PHX
HOU,SGF
FLL,GRB
IAD,ERI
PWM,FLL
ROC,FLL
GRB,FLL
DFW,COU
IAD,GSP
EYW,JFK
IAH,VPS
IAD,CAK
ASE,AUS
LAX,PBI
EGE,LAX
HRL,ORD
ORD,HRL
HDN,EWR
FLL,BZN
BIL,PHX
PHX,RDM
EGE,EWR
ABE,IAD
FLL,ROC
IAD,PHL
MTJ,EWR
PBG,PGD
MTJ,PHX
MIA,BTV
FLL,HDN
SFO,BDL
FLL,PWM
HDN,LAX
SBP,PHX
PHL,IAD
IAD,ITH
CMH,MSY
DFW,SBN
BTV,MIA
IAH,AEX
FLL,PDX
GRR,IAD
SBP,SAN
SAN,FCA
EWR,HDN
EGE,MIA
TPA,RIC
ASE,PHX
MTJ,LAX
IAD,SCE
PDX,LIH
SFO,RSW
IAH,HDN
KOA,PDX
COU,DFW
GRR,JAX
IAD,BGR
IAH,EYW
SAN,JAC
MDT,IAD
CAK,IAD
DEN,BIH
HDN,IAD
CKB,IAD
STS,LAX
DFW,DRO
PDX,TUS
BUR,BOI
PHX,ACV
AEX,IAH
IAD,MDT
PHF,PHL
PDX,FLL
TVC,CLT
ORD,SUN
LAX,PSP
STL,MYR
IAG,MYR
STL,VPS
PHL,BQN
PBG,IAD
OGS,PBG
MYR,IAG
OGS,ORD
MYR,CRW
MYR,IAH
IAD,OGS
MKE,MYR
SBN,GRR
PBG,OGS
VPS,HOU
OGS,IAD
IAD,PBG
BQN,PHL
STL,CHS
PSP,LAX
CAK,MYR
ORD,OGS
CRW,MYR
MYR,MKE
VPS,STL
MYR,CAK
IAH,MYR
PBI,TYS
LAX,MTJ
SAN,HDN
TOL,AZA
HDN,DFW
LAX,BIH
PSP,AUS
EGE,PHX
JAC,CLT
GUC,DFW
SCE,PIE
ORD,JST
DFW,GUC
OTZ,OME
DCA,DAB
FOD,DEN
ONT,BUR
SFO,HDN
PHX,EGE
LGA,MTJ
HDN,SAN
DEN,FOD
LGA,EGE
CLT,JAC
GRR,PHX
PHX,GRR
ORD,SHD
ATL,ASE
ASE,ATL
BZN,CLT
DFW,HDN
TYS,PBI
MTJ,LGA
SLN,DEN
CLT,BZN
SHD,ORD
DAB,DCA
HDN,SFO
AUS,PSP
EGE,LGA
PIE,SCE
AZA,TOL
JST,ORD
MTJ,SFO
PGD,ORF
ORF,PGD
AGS,BOS
BOS,AGS
BOS,PSP
AGS,LGA
DFW,MLB
MLB,DFW
CHS,BLV
LGA,VPS
PDX,TPA
TPA,PDX
BLV,CHS
LGA,AGS
VPS,LGA
PSP,BOS
IAH,LEX
OMA,EWR
OMA,SFO
LEX,IAD
SFO,SDF
SDF,SFO
IAD,LEX
LEX,IAH
HOU,PHL
RIC,MSP
PNS,IAD
SLC,GJT
IAH,GRK
MLU,IAH
ATL,RST
HNL,CLT
MSP,RIC
MSP,MQT
MSP,LNK
GJT,SLC
DSM,SLC
PSP,FLL
KOA,DFW
SLC,DSM
PIR,DEN
DEN,ATY
CLT,HNL
IND,HSV
IAH,MLU
DEN,PIR
RST,ATL
DCA,BTR
ORH,PHL
OMA,BNA
PHL,ORH
PHL,HOU
LNK,MSP
MCI,SAT
ATY,DEN
LSE,DTW
BNA,OMA
IAD,PNS
CLL,IAH
HOU,CLT
JFK,PHL
DTW,LSE
PHL,EGE
PHL,JFK
MHT,IAD
GRK,IAH
IND,BHM
BHM,IND
IAH,CLL
BTR,DCA
MQT,MSP
CLT,HOU
EGE,PHL
HSV,IND
SAT,MCI
FLL,PSP
DFW,KOA
IAD,MHT
VPS,DEN
ORD,AGS
AGS,MIA
AUS,AGS
AGS,AUS
SFO,OMA
AGS,PHL
PHL,AGS
MIA,AGS
DEN,VPS
AGS,ORD
EWR,OMA
PHL,TTN
BOS,SJC
SJC,BOS
CLT,OKC
ORF,FLL
ATL,SFO
IAD,PWM
PHL,PWM
DCA,MDW
BUR,AUS
DTW,SRQ
SMF,STL
SMF,SAN
AUS,ASE
EGE,ORD
