ABE,"FLL,SRQ,DTW,SAV,PIE,SFB,PGD,ATL,MYR,IAD,ORD,CLT,BNA"
ABI,DFW
ABQ,"SEA,SLC,DFW,OAK,ORD,BUR,MSP,AUS,DAL,PDX,IAH,HOU,MDW,SFO,DEN,LAX,ATL,JFK,LAS,MCI,SAN,SAT,BWI,PHX"
ABR,MSP
ABY,ATL
ACK,"HPN,BOS,JFK,DCA,PHL,IAD,ORD,CLT,LGA,EWR"
ACT,DFW
ACV,"SFO,DEN,LAX,PHX"
ACY,"FLL,MIA,RSW,MCO,PBI,TPA,ATL,MYR,BOS,SJU"
ADK,ANC
ADQ,ANC
AEX,"IAH,DFW,ATL,CLT"
AGS,"MIA,DFW,PHL,ATL,DCA,BOS,ORD,CLT,AUS,LGA"
AKN,ANC
ALB,"MIA,RSW,PGD,PHL,IAD,ORD,CLT,LGA,DTW,FLL,MDW,RDU,MCO,PIE,DEN,SFB,TPA,ATL,MYR,DCA,BWI,BNA,EWR"
ALO,ORD
ALS,DEN
ALW,SEA
AMA,"IAH,DFW,DEN,AZA,LAS,AUS,DAL"
ANC,"SEA,HNL,BRW,DFW,DLG,OME,ORD,OGG,MSP,SCC,IAH,CDV,DEN,LAX,LAS,ATL,PHX,ADQ,SLC,BET,ADK,OTZ,PDX,JNU,SFO,FAI,KOA,EWR,AKN"
APN,DTW
ART,PHL
ASE,"SNA,IAH,DFW,SFO,DEN,LAX,ATL,ORD,PHX,AUS"
ATL,"ECP,SEA,SNA,ANC,GEG,HPN,JAN,BTR,ORD,TUL,HOU,BTV,TRI,PHX,SWF,RNO,DSM,LIT,MTJ,PBI,ABY,PDX,MLI,CVG,DHN,DCA,PIT,PNS,CSG,ORF,SHV,ROA,CID,PSP,TLH,ATW,MSP,AVL,BQK,STL,IAH,JAX,JAC,HDN,DEN,FAY,STT,TPA,LAS,VPS,TTN,GRB,ICT,CAE,SDF,DAB,CLT,MKE,AUS,RIC,MDW,RDU,MCO,TYS,TVC,OMA,MLU,EGE,GNV,ISP,MIA,DFW,RSW,BDL,ONT,LEX,GSO,PWM,IND,DTW,ELP,LAX,OKC,MCI,EYW,EVV,HHH,DAY,SLC,MLB,ABQ,FSD,BHM,MGM,MEM,SYR,MOB,CRW,SFO,AGS,SJC,PVD,CHO,HSV,JFK,RST,BOI,SAN,CHA,GTR,OAJ,SRQ,MSY,ASE,CMH,BMI,SMF,GRR,FLL,GPT,BUF,ALB,ILM,ACY,ABE,BNA,MDT,FWA,VLD,AEX,XNA,LFT,SAV,CHS,BOS,PHL,IAD,SBN,CLE,SGF,MSN,BZN,LGA,DAL,TUS,STX,MYR,SAT,GSP,BWI,SJU,ROC,EWR,HNL"
ATW,"SRQ,SAV,AZA,PGD,ORD,CLT,MSP,FLL,DTW,PIE,DEN,SFB,ATL,LAS,BNA"
ATY,DEN
AUS,"SEA,SNA,ECP,MIA,DFW,RSW,ONT,ORD,BUR,TUL,IND,DTW,HOU,ELP,LAX,ATL,OKC,MCI,PHX,PVU,RNO,SLC,DSM,ABQ,FSD,PBI,MEM,OAK,LGB,PDX,SFO,AGS,SJC,SFB,CVG,JFK,DCA,BOI,SAN,PIT,PSP,SRQ,MSY,CMH,ASE,MAF,SMF,MSP,GRR,AVL,FLL,STL,JAX,IAH,DEN,AMA,TPA,LAS,VPS,BNA,XNA,CHS,SDF,HRL,BOS,PHL,IAD,PGD,SGF,CLT,BZN,DAL,RDU,MDW,MCO,TYS,LBB,BWI,SJU,EWR,HNL"
AVL,"SRQ,MIA,DFW,PBI,PGD,BOS,PHL,IAD,CLT,ORD,MSP,AUS,LGA,FLL,HOU,MDW,PIE,DEN,SFB,ATL,LAS,DCA,EYW,VPS,BWI,EWR"
AVP,"IAD,CLT,ORD,EWR"
AZA,"CID,SNA,MSO,BIL,GEG,BIS,RAP,MOT,PSC,ATW,STC,GRR,IDA,MSP,TUL,OGD,MFR,HOU,BLV,GFK,SMX,GTF,AMA,BLI,LAS,FWA,PVU,DSM,ICT,FSD,XNA,TOL,GJT,FNT,SBN,OAK,SGF,BZN,FCA,EUG,MLI,TVC,CVG,RFD,BOI,FAR,GRI,SAN,PIT,OMA,SPI,PIA"
AZO,"DTW,ORD"
BDL,"MIA,DFW,RSW,PBI,PHL,IAD,CLT,ORD,MSP,FLL,DTW,IAH,MDW,RDU,SFO,MCO,DEN,LAX,TPA,ATL,MYR,DCA,LAS,BNA,BWI,SJU"
BET,ANC
BFF,"DEN,LBF,LAR"
BFL,"DFW,SFO,DEN,PHX"
BGM,DTW
BGR,"FLL,PIE,SFB,PHL,BOS,DCA,IAD,JFK,CLT,ORD,LGA,EWR"
BHM,"MIA,DFW,PHL,ORD,CLT,LGA,DAL,IND,DTW,IAH,HOU,MDW,MCO,DEN,TPA,LAS,ATL,DCA,BWI"
BIH,"SFO,DEN,LAX"
BIL,"SLC,SEA,DFW,DEN,AZA,LAS,ORD,MSP,PHX,PDX"
BIS,"DFW,DEN,AZA,SFB,LAS,MSP,PHX"
BJI,MSP
BKG,DEN
BLI,"SEA,AZA,LAX,LAS,OAK,SAN,PSP"
BLV,"FLL,SRQ,JAX,SAV,CHS,PIE,AZA,SFB,PGD,LAS,MYR,VPS"
BMI,"DTW,DFW,MCO,PIE,DEN,SFB,TPA,ATL,ORD,VPS"
BNA,"ECP,ISP,SNA,SEA,MIA,DFW,RSW,BDL,ORD,BUR,PWM,DTW,HOU,LAX,ATL,OKC,MCI,EYW,PHX,SLC,DSM,MLB,FSD,FNT,OAK,SYR,SFO,SJC,PVD,SFB,JFK,DCA,PIT,PNS,SAN,ORF,ROA,CID,PSP,SRQ,MFE,MSY,CMH,ATW,MSP,GRR,FLL,STL,IAH,JAX,PSM,DEN,TPA,LAS,ALB,VPS,ABE,MDT,XNA,SAV,CHS,PGD,PHL,BOS,IAD,CLE,CLT,MKE,AUS,BZN,LGA,DAL,RIC,RDU,MDW,MCO,PIE,MYR,SAT,FAR,BWI,SJU,OMA,PIA,EWR"
BOI,"SEA,SLC,SNA,PUW,DFW,GEG,AZA,SMF,OAK,ORD,BUR,MSP,AUS,IDA,PDX,IAH,PAE,SFO,SJC,DEN,LAX,LAS,ATL,SAN,PHX,PSP"
BOS,"SEA,MIA,DFW,RSW,BGR,ORD,IND,DTW,HOU,LAX,ATL,MCI,EYW,PHX,HHH,ACK,SLC,PBI,MEM,FNT,MVY,SYR,PDX,SFO,AGS,SJC,CVG,JFK,DCA,SAN,PIT,PNS,ORF,PSP,SRQ,MSY,CMH,SMF,MSP,GRR,AVL,FLL,STL,JAX,IAH,HDN,DEN,BUF,STT,TPA,LAS,ILM,ACY,VPS,BNA,MDT,SAV,CHS,SDF,PHL,IAD,CLE,CLT,MKE,AUS,BZN,LGA,RIC,RDU,MDW,MCO,TYS,TVC,MYR,SAT,ROC,SJU,BWI,EWR,HNL"
BPT,DFW
BQK,ATL
BQN,"FLL,MCO,PHL,JFK,EWR"
BRD,MSP
BRO,"IAH,DFW"
BRW,ANC
BTM,"SLC,DEN"
BTR,"IAH,DFW,ATL,DCA,CLT"
BTV,"MIA,DFW,PHL,IAD,CLT,ORD,MSP,LGA,DTW,MCO,DEN,ATL,JFK,DCA,EWR"
BUF,"MIA,DFW,RSW,PHL,BOS,IAD,ORD,CLT,MSP,LGA,DTW,FLL,MDW,RDU,MCO,DEN,LAX,TPA,LAS,JFK,DCA,ATL,BWI,PHX,SJU,EWR"
BUR,"SLC,SEA,ABQ,DFW,ONT,STS,SMF,OAK,AUS,DAL,PDX,HOU,MDW,SFO,DEN,SJC,LAS,JFK,BOI,BNA,PHX,RNO"
BWI,"ISP,SEA,ECP,MIA,DFW,RSW,BDL,JAN,ORD,PWM,IND,DTW,HOU,LAX,ATL,MCI,PHX,SLC,ABQ,BHM,PBI,MEM,SYR,SFO,PVD,CVG,JFK,PIT,SAN,ORF,SRQ,MSY,MHT,CMH,GRR,MSP,AVL,FLL,STL,IAH,JAX,DEN,BUF,TPA,LAS,ALB,VPS,BNA,SAV,CHS,SDF,PGD,BOS,CLE,CLT,MKE,AUS,LGA,DAL,MDW,RDU,MCO,TYS,MYR,SAT,GSP,SJU,ROC"
BZN,"SLC,SEA,SNA,DFW,AZA,BOS,IAD,ORD,CLT,MSP,AUS,DAL,PDX,FLL,DTW,IAH,SFO,DEN,LAX,LAS,ATL,JFK,SAN,BNA,EWR"
CAE,"MIA,DFW,ATL,PHL,DCA,IAD,CLT,ORD,LGA"
CAK,"SRQ,SAV,RSW,MCO,PIE,TPA,PHL,MYR,DCA,PGD,IAD,CLT,ORD"
CDC,SLC
CDV,"ANC,YAK"
CGI,"DEC,ORD,PAH"
CHA,"DTW,MIA,DFW,PIE,SFB,ATL,DCA,CLT,ORD"
CHO,"ATL,IAD,CLT,ORD,LGA"
CHS,"SEA,MIA,DFW,ORD,MSP,IND,DTW,FLL,STL,HOU,BLV,IAH,DEN,LAX,ATL,MCI,BNA,SDF,PHL,BOS,IAD,CLT,AUS,LGA,DAL,MDW,CVG,JFK,DCA,PIT,BWI,LCK,EWR"
CID,"SRQ,DFW,AZA,PGD,ORD,CLT,MSP,DTW,MCO,PIE,DEN,SFB,LAX,ATL,LAS,BNA,PHX"
CIU,"DTW,MSP"
CKB,"JST,PIE,SFB,MYR,IAD,ORD,VPS"
CLE,"SEA,SRQ,MIA,DFW,RSW,MSY,ORD,MSP,FLL,DTW,STL,IAH,DEN,LAX,TPA,ATL,LAS,BNA,PHX,SLC,PGD,PHL,BOS,IAD,CLT,LGA,RDU,MDW,SFO,MCO,MYR,DCA,JFK,BWI,EWR"
CLL,"IAH,DFW"
CLT,"ECP,SEA,HPN,HTS,JAN,BTR,ORD,TUL,SBY,HOU,BTV,TRI,PHX,DSM,LIT,PBI,FNT,MVY,PDX,CVG,DCA,PNS,PIT,CSG,ORF,AVP,SHV,ROA,CID,TLH,MHT,ATW,MSP,AVL,FLO,STL,IAH,JAX,JAC,FAY,DEN,PGV,STT,TPA,LAS,VPS,TTN,CAE,SDF,DAB,MKE,AUS,RIC,RDU,MDW,MCO,TYS,TVC,OMA,GNV,MIA,DFW,RSW,BDL,ONT,LEX,BGR,RAP,GSO,ERI,PWM,IND,DTW,EWN,LAX,ATL,OKC,MCI,EYW,EVV,HHH,ACK,DAY,SLC,MLB,CAK,BHM,FSD,MGM,MEM,SYR,MOB,CRW,SFO,AGS,PVD,CHO,HSV,JFK,CHA,SAN,OAJ,SRQ,MSY,CMH,SMF,LYH,GRR,FLL,GPT,BUF,ALB,ITH,ILM,ABE,FWA,MDT,BNA,AEX,XNA,LFT,SAV,CHS,PHF,BOS,PHL,IAD,SBN,CLE,SGF,MSN,BZN,LGA,DAL,STX,MYR,SAT,GSP,BWI,ROC,SJU,PIA,EWR,HNL"
CMH,"SEA,SRQ,MIA,DFW,MSY,RSW,ORD,MSP,FLL,STL,DTW,HOU,IAH,DEN,LAX,TPA,ATL,LAS,BNA,PHX,PHL,BOS,IAD,CLT,AUS,LGA,DAL,MDW,SFO,MCO,MYR,DCA,JFK,BWI,EWR"
CMI,"DFW,ORD"
CMX,ORD
CNY,"SLC,DEN"
COD,DEN
COS,"SLC,IAH,MDW,DFW,HOU,MCO,DEN,LAX,LAS,SAT,ORD,PHX,DAL"
COU,"DFW,ORD"
CPR,"SLC,DEN"
CRP,"IAH,HOU,DFW"
CRW,"MCO,ATL,MYR,DCA,CLT,ORD"
CSG,"DFW,ATL,CLT"
CVG,"SEA,SRQ,MIA,DFW,RSW,MSY,AZA,ORD,MSP,DTW,FLL,IAH,HOU,JAX,DEN,LAX,TPA,ATL,LAS,EYW,VPS,PHX,SLC,SAV,CHS,PBI,PGD,PHL,BOS,IAD,CLT,AUS,LGA,MDW,RDU,MCO,PIE,PVD,SFB,JFK,DCA,MYR,BWI,ORF,EWR"
CWA,"DTW,ORD,MSP"
CYS,DEN
DAB,"DTW,DFW,ATL,PHL,DCA,CLT"
DAL,"SEA,ECP,SNA,MIA,RSW,ONT,ORD,BUR,TUL,IND,HOU,ELP,LAX,ATL,MCI,PHX,RNO,SLC,LIT,ABQ,MTJ,BHM,MEM,OAK,LGB,PDX,SFO,SJC,DCA,PNS,SAN,PIT,ORF,PSP,SRQ,MSY,CMH,MAF,SMF,MSP,FLL,STL,IAH,JAX,HDN,DEN,AMA,TPA,LAS,VPS,BNA,SAV,CHS,SDF,COS,HRL,PHL,CLT,MKE,AUS,BZN,LGA,MDW,RDU,MCO,LBB,MYR,SAT,BWI,OMA"
DAY,"DTW,DFW,PIE,SFB,PGD,PHL,ATL,DCA,IAD,ORD,CLT,LGA"
DBQ,ORD
DCA,"ECP,SEA,MIA,DFW,RSW,BDL,HPN,JAN,BGR,LEX,BTR,GSO,ORD,PWM,TUL,IND,DTW,LAN,HOU,BTV,EWN,LAX,ATL,OKC,MCI,EYW,PHX,HHH,ACK,DAY,SLC,DSM,MLB,LIT,CAK,BHM,MGM,PBI,MEM,MVY,SYR,PDX,CRW,SFO,AGS,PVD,CVG,HSV,JFK,PNS,PIT,CHA,ORF,SRQ,TLH,MSY,MHT,CMH,GRR,MSP,AVL,FLL,STL,JAX,IAH,DEN,BUF,TPA,ALB,LAS,ILM,VPS,BNA,XNA,SAV,CHS,CAE,SDF,PHL,BOS,DAB,CLE,CLT,MKE,MSN,AUS,LGA,DAL,RDU,MDW,MCO,TYS,TVC,MYR,GSP,ROC,OMA,SJU,EWR"
DDC,"DEN,LBL"
DEC,"CGI,ORD,TBN"
DEN,"SEA,SNA,ECP,ANC,GEG,HOB,DDC,LWS,ORD,TUL,HOU,BTV,SHR,RKS,PHX,SUN,RNO,DSM,PUB,LIT,CNY,MTJ,GJT,XWA,SAF,PDX,PRC,MLI,FOD,WYS,CVG,PIR,DCA,PNS,PIT,ORF,SHV,PSP,CID,VEL,BIS,JMS,PSC,ATW,MSP,IDA,AVL,ATY,STL,JLN,IAH,JAX,JAC,BTM,HDN,RIW,TPA,LAS,DRO,VPS,GRB,SUX,ICT,SBA,SDF,CLT,MKE,AUS,RDM,EAR,CYS,RIC,HYS,EUG,MDW,RDU,SGU,MCO,LIH,TYS,LBB,TVC,GUC,OMA,EGE,GCC,MIA,FAT,DFW,RSW,COD,BDL,ONT,RAP,BKG,BUR,OGG,PWM,LNK,IND,DTW,DIK,ELP,GTF,LAX,BFF,ATL,OKC,MCI,BIH,SLC,ABQ,FSD,BHM,MEM,OAK,SYR,LGB,ACV,FLG,SFO,ALS,SJC,LBL,PVD,DVL,LAR,HSV,JFK,BOI,SAN,KOA,MSO,SRQ,BIL,MSY,CMH,BMI,ASE,MAF,SMF,MOT,SBP,GRR,FLL,MFR,BFL,MRY,AMA,BUF,ALB,SLN,BNA,MDT,HLN,XNA,SAV,CHS,COS,HRL,BOS,PHL,IAD,CLE,SGF,MSN,BZN,LGA,DAL,FCA,CPR,TUS,LBF,OTH,MYR,FAR,SAT,GSP,BWI,ROC,PIA,EWR,HNL"
DFW,"ECP,SEA,SNA,SJU,ANC,GEG,ROW,JAN,BTR,ORD,TUL,HOU,BTV,TRI,PHX,RNO,DSM,LIT,MTJ,PBI,GJT,LCH,SAF,PDX,MLI,CVG,DCA,PNS,GRI,GGG,CSG,PIT,ORF,SHV,PSP,CID,MFE,TLH,BRO,BIS,MSP,IDA,AVL,STL,IAH,JAX,JAC,HDN,CRP,FAY,DEN,STT,TPA,LAS,CMI,DRO,VPS,GCK,LAW,ICT,BPT,SBA,CAE,SDF,ACT,DAB,MHK,CLT,MKE,AUS,ABI,SPS,RIC,EUG,RDU,MDW,SGU,MCO,TYS,LBB,TVC,DRT,GUC,OMA,MLU,EGE,GNV,MIA,FAT,RSW,BDL,ONT,TYR,LEX,RAP,GSO,OGG,BUR,FSM,PWM,IND,DTW,SWO,ELP,LAX,OKC,ATL,MCI,EYW,EVV,HHH,DAY,SLC,MLB,ABQ,FSD,BHM,MGM,MEM,GRK,SYR,LGB,MOB,FLG,SFO,AGS,SJC,HSV,JFK,BOI,CHA,YUM,SAN,KOA,MSO,SRQ,BIL,MSY,ASE,CMH,BMI,MAF,STS,SMF,SBP,GRR,FLL,GPT,COU,BFL,MRY,AMA,BUF,ILM,FWA,MDT,BNA,TXK,AEX,XNA,LFT,LRD,SAV,CHS,COS,HRL,PHL,SBN,IAD,BOS,CLE,SGF,MSN,BZN,LGA,FCA,SJT,TUS,MYR,SAT,GSP,FAR,CLL,SPI,BWI,PIA,EWR,HNL"
DHN,ATL
DIK,DEN
DLG,ANC
DLH,"ORD,MSP"
DRO,"DFW,DEN,LAS,PHX"
DRT,DFW
DSM,"SNA,SRQ,MIA,DFW,AZA,ORD,MSP,DTW,STL,FLL,IAH,HOU,DEN,LAX,LAS,ATL,VPS,BNA,PHX,SLC,PGD,CLT,AUS,LGA,PDX,MCO,PIE,SFB,DCA,SAN,EWR,PSP"
DTW,"SEA,MIA,DFW,RSW,BDL,HPN,LEX,GSO,ORD,PWM,IND,MQT,LAN,HOU,BTV,AZO,LAX,ATL,MCI,PHX,DAY,SLC,DSM,BHM,PBI,MEM,OAK,SYR,PDX,SFO,PLN,LSE,PVD,CVG,JFK,DCA,HSV,SAN,PIT,CHA,ORF,CID,SRQ,MSY,CMH,BMI,ATW,IMT,MSP,GRR,MBS,FLL,STL,IAH,JAX,CIU,DEN,BUF,TPA,LAS,CWA,ALB,ITH,ABE,BNA,MDT,APN,FWA,GRB,SAV,CHS,SCE,SDF,BOS,PHL,IAD,SBN,CLE,CLT,MKE,MSN,AUS,BZN,LGA,DAB,RIC,BGM,RDU,MDW,MCO,ELM,ESC,TYS,TVC,MYR,SAT,GSP,BWI,ROC,OMA,EWR"
DVL,"JMS,DEN"
EAR,"DEN,ORD"
EAT,SEA
EAU,ORD
ECP,"DFW,CLT,ORD,AUS,DAL,IND,STL,IAH,HOU,MDW,DEN,ATL,DCA,MCI,BNA,BWI"
EGE,"MIA,IAH,DFW,SFO,DEN,LAX,PHL,JFK,ATL,ORD,PHX,LGA,EWR"
EKO,SLC
ELM,"DTW,PIE,SFB,PGD"
ELP,"SEA,DFW,ORD,AUS,DAL,IAH,HOU,MCO,DEN,LAX,ATL,LAS,SAT,SAN,PHX"
ERI,"IAD,CLT,ORD"
ESC,"DTW,MSP"
EUG,"SLC,SNA,SEA,DFW,AZA,OAK,ORD,SFO,DEN,SJC,LAX,LAS,SAN,PHX,PSP"
EVV,"DFW,SFB,ATL,CLT,ORD,VPS"
EWN,"DCA,CLT"
EWR,"SEA,SNA,ANC,MIA,DFW,RSW,BGR,RAP,GSO,ORD,PWM,OGG,IND,DTW,BTV,LAX,ATL,MCI,EYW,HHH,PHX,ACK,SLC,DSM,MTJ,PBI,MEM,SYR,PDX,SFO,PVD,CVG,DCA,SAN,PIT,PQI,ORF,AVP,SRQ,MSY,MHT,CMH,SMF,MSP,GRR,AVL,FLL,STL,IAH,JAX,JAC,HDN,DEN,BUF,STT,TPA,LAS,ALB,ITH,ILM,VPS,BNA,MDT,XNA,SAV,CHS,SDF,SCE,BOS,PHL,IAD,CLE,CLT,MKE,MSN,AUS,BZN,RIC,RDU,MCO,TYS,TVC,MYR,SAT,GSP,SJU,ROC,BQN,OMA,EGE,HNL"
EYW,"MIA,DFW,PHL,BOS,IAD,ORD,CLT,AVL,LGA,IND,IAH,PIE,SFB,ATL,JFK,CVG,DCA,PIT,BNA,EWR"
FAI,"SEA,ANC,ORD,MSP"
FAR,"DFW,MCO,PIE,DEN,AZA,SFB,LAX,LAS,ORD,MSP,PHX,BNA"
FAT,"SEA,SLC,DFW,SFO,DEN,LAX,LAS,SAN,ORD,PHX,PDX"
FAY,"DFW,ATL,CLT"
FCA,"SLC,SEA,DFW,AZA,OAK,ORD,MSP,LGA,PDX,IAH,SFO,DEN,LAX,LAS,SAN"
FLG,"DFW,DEN,PHX"
FLL,"ISP,SEA,ROC,DFW,BDL,HPN,LEX,BGR,ORD,PWM,IND,DTW,HOU,BLV,LAX,ATL,ORH,MCI,LBE,PHX,SWF,PBG,SLC,DSM,FSD,MEM,FNT,SYR,PDX,SFO,PVD,CVG,JFK,DCA,PIT,SAN,ORF,LCK,PSP,MSY,MHT,CMH,ATW,MSP,GRR,AVL,STL,IAH,JAX,HDN,DEN,BUF,STT,TPA,LAS,ALB,ACY,ABE,BNA,TTN,MDT,GRB,XNA,CHS,SDF,PHL,BOS,IAD,CLE,CLT,MKE,AUS,BZN,LGA,DAL,RIC,MDW,RDU,MCO,STX,TYS,MYR,SAT,GSP,SJU,BWI,BQN,USA,EWR,PIA"
FLO,CLT
FNT,"FLL,SRQ,JAX,SAV,PIE,AZA,SFB,PGD,BOS,LAS,ORD,CLT,BNA"
FOD,"DEN,MCW,ORD"
FSD,"SNA,DFW,AZA,PGD,ORD,CLT,MSP,AUS,FLL,MCO,PIE,DEN,SFB,ATL,LAS,SAN,BNA,PHX"
FSM,DFW
FWA,"SRQ,DFW,AZA,PGD,PHL,ORD,CLT,MSP,DTW,PIE,SFB,ATL,LAS,MYR"
GCC,DEN
GCK,DFW
GEG,"SEA,SLC,SNA,DFW,AZA,SMF,OAK,ORD,MSP,PDX,PAE,SFO,DEN,SJC,LAX,ATL,LAS,BOI,SAN,PHX"
GFK,"AZA,SFB,LAS,MSP"
GGG,DFW
GJT,"SLC,SNA,DFW,DEN,AZA,LAX,LAS,PHX"
GNV,"MIA,DFW,ATL,CLT"
GPT,"IAH,DFW,SFB,ATL,CLT"
GRB,"DTW,FLL,MCO,DEN,TPA,ATL,ORD,MSP"
GRI,"DFW,AZA,LAS"
GRK,"IAH,DFW"
GRR,"SRQ,MIA,DFW,RSW,AZA,ORD,MSP,DTW,FLL,IAH,JAX,DEN,LAX,TPA,ATL,LAS,VPS,BNA,PHX,SAV,PGD,PHL,BOS,IAD,SBN,CLT,AUS,LGA,PDX,MDW,MCO,PIE,SFB,DCA,BWI,EWR"
GSO,"DTW,MIA,DFW,PIE,SFB,PHL,ATL,DCA,IAD,CLT,ORD,LGA,EWR"
GSP,"MIA,DFW,PHL,IAD,CLT,ORD,LGA,DTW,FLL,HOU,IAH,PIE,DEN,SFB,ATL,DCA,BWI,EWR"
GST,JNU
GTF,"SLC,SEA,DEN,AZA,LAS,ORD"
GTR,ATL
GUC,"IAH,DFW,DEN"
GUM,"SPN,HNL"
HDN,"SEA,DFW,BOS,IAD,ORD,MSP,DAL,FLL,IAH,HOU,SFO,DEN,LAX,ATL,SAN,EWR"
HGR,"PIE,SFB,MYR"
HHH,"DFW,ATL,BOS,IAD,DCA,PHL,ORD,CLT,LGA,EWR"
HIB,MSP
HLN,"SLC,SEA,DEN"
HNL,"SEA,SNA,ANC,DFW,GUM,ONT,SMF,OGG,ORD,MSP,IAH,DEN,LAX,ATL,LAS,PHX,SLC,PPG,BOS,IAD,OAK,CLT,LGB,AUS,PDX,SFO,MCO,SJC,LIH,JFK,SAN,ITO,KOA,EWR"
HOB,"IAH,DEN"
HOU,"ECP,SNA,MIA,DFW,RSW,ONT,JAN,LEX,BUR,TUL,IND,DTW,ELP,LAX,ATL,OKC,MCI,PHX,PVU,RNO,SLC,DSM,ABQ,MTJ,BHM,MEM,OAK,LGB,SJC,CVG,DCA,PNS,SAN,PIT,SRQ,MSY,AZA,CMH,MAF,SMF,MSP,AVL,FLL,STL,JAX,HDN,CRP,DEN,TPA,LAS,VPS,BNA,XNA,SAV,CHS,SDF,COS,HRL,PHL,PGD,BOS,CLT,MKE,SGF,AUS,LGA,DAL,MDW,TUS,MCO,TYS,LBB,SAT,GSP,BWI,OMA,SJU"
HPN,"FLL,DTW,RSW,PBI,MCO,TPA,ATL,DCA,CLT,ORD,ACK"
HRL,"IAH,HOU,DFW,MCO,DEN,LAS,ORD,AUS,DAL"
HSV,"DTW,IAH,MIA,DFW,MCO,DEN,ATL,DCA,IAD,ORD,CLT,IND"
HTS,"PIE,SFB,PGD,MYR,CLT,VPS"
HYA,JFK
HYS,"DEN,SLN,ORD"
IAD,"SEA,MIA,DFW,RSW,BDL,BGR,LEX,GSO,ORD,PWM,ERI,IND,DTW,BTV,LAX,ATL,MCI,EYW,HHH,PHX,ACK,DAY,SLC,PBG,CAK,PBI,SYR,PDX,JST,SFO,PVD,CHO,HSV,CVG,JFK,PIT,SAN,PNS,ORF,AVP,ROA,SRQ,MSY,MHT,CMH,SMF,MSP,GRR,AVL,FLL,STL,JAX,IAH,HDN,DEN,BUF,STT,TPA,ALB,LAS,ITH,ILM,ABE,BNA,MDT,SAV,CHS,CAE,SDF,SCE,BOS,PHL,CLE,CLT,MKE,AUS,BZN,LGA,RIC,MDW,RDU,MCO,SHD,OGS,TYS,TVC,MYR,SAT,GSP,ROC,CKB,SJU,EWR,HNL"
IAG,"PIE,SFB,PGD,MYR"
IAH,"SEA,SNA,ECP,ANC,HOB,JAN,BTR,ORD,TUL,VCT,PHX,RNO,DSM,LIT,MTJ,PBI,LCH,PDX,CVG,DCA,PNS,PIT,ORF,SHV,PSP,MFE,BRO,MSP,STL,JAX,JAC,HDN,DEN,CRP,STT,TPA,LAS,VPS,ICT,SDF,CLT,MKE,AUS,RIC,RDU,MDW,MCO,LBB,TYS,GUC,MLU,OMA,EGE,MIA,DFW,RSW,BDL,ONT,LEX,RAP,IND,DTW,PIB,ELP,LAX,ATL,OKC,MCI,EYW,SLC,ABQ,BHM,MEM,GRK,MOB,SFO,SJC,HSV,JFK,BOI,SAN,SRQ,MSY,ASE,CMH,MAF,SMF,GRR,FLL,GPT,AMA,BNA,TXK,AEX,XNA,LRD,LFT,SAV,CHS,COS,HRL,PHL,BOS,IAD,CLE,SGF,BZN,LGA,DAL,FCA,MEI,TUS,MYR,SAT,GSP,BWI,SJU,CLL,EWR,HNL"
ICT,"SEA,DFW,AZA,ORD,MSP,STL,IAH,PIE,DEN,SFB,LAX,ATL,LAS,VPS,PHX"
IDA,"SLC,SNA,SEA,DFW,DEN,AZA,LAS,BOI,OAK,SAN,PHX,PDX"
ILG,MCO
ILM,"DFW,ATL,BOS,DCA,PHL,IAD,CLT,ORD,LGA,EWR"
IMT,"DTW,MSP"
IND,"SEA,ECP,SRQ,MIA,DFW,RSW,MSY,ORD,MSP,FLL,DTW,IAH,HOU,JAX,DEN,LAX,TPA,LAS,ATL,EYW,VPS,PHX,SLC,BHM,SAV,CHS,PBI,PGD,PHL,BOS,IAD,CLT,AUS,LGA,DAL,RDU,SFO,MCO,PIE,SFB,HSV,JFK,MYR,DCA,BWI,EWR,PSP"
INL,MSP
ISP,"FLL,RDU,RSW,MCO,PBI,TPA,PHL,ATL,MYR,BNA,BWI"
ITH,"DTW,PHL,IAD,CLT,EWR"
ITO,"LAX,OGG,HNL"
JAC,"SEA,SLC,DFW,ORD,CLT,MSP,LGA,IAH,SFO,DEN,LAX,ATL,JFK,SAN,PHX,EWR"
JAN,"IAH,HOU,DFW,MCO,ATL,DCA,CLT,BWI"
JAX,"MIA,DFW,ORD,MSP,GRR,IND,FLL,STL,DTW,IAH,HOU,BLV,DEN,LAX,ATL,BNA,FNT,PHL,BOS,IAD,CLT,AUS,LGA,DAL,MDW,CVG,JFK,DCA,PIT,BWI,SJU,ORF,EWR"
JFK,"SEA,SNA,MIA,DFW,RSW,ONT,BGR,ORD,BUR,PWM,IND,DTW,BTV,LAX,ATL,ORH,MCI,EYW,PHX,RNO,ACK,SLC,ABQ,PBI,MVY,SYR,PDX,SFO,SJC,CVG,PSE,DCA,PIT,SAN,ORF,PSP,SRQ,MSY,CMH,SMF,MSP,FLL,JAX,IAH,JAC,DEN,BUF,STT,TPA,LAS,HYA,BNA,SAV,CHS,BOS,PHL,IAD,CLE,CLT,MKE,AUS,BZN,RIC,RDU,MCO,SAT,ROC,BWI,SJU,BQN,EGE,HNL"
JLN,"DEN,ORD"
JMS,"DEN,DVL"
JNU,"SEA,ANC,PSG,GST,YAK,KTN,SIT"
JST,"IAD,ORD,CKB"
KOA,"SEA,ANC,DFW,SMF,OAK,ORD,OGG,PDX,SFO,DEN,SJC,LIH,LAX,LAS,SAN,PHX,HNL"
KTN,"SEA,JNU,WRG,SIT"
LAN,"DTW,DCA,ORD"
LAR,"DEN,BFF"
LAS,"SEA,SNA,ANC,GEG,ORD,TUL,HOU,BLI,PHX,RNO,DSM,LIT,GJT,FNT,PDX,MLI,CVG,DCA,PIT,GRI,SHV,PSP,CID,MFE,BIS,AZA,PSC,ATW,MSP,IDA,AVL,STL,IAH,SMX,DEN,TPA,DRO,SCK,VPS,ICT,SBA,SDF,CLT,MKE,AUS,RDM,EUG,MDW,RDU,MCO,LIH,LBB,TYS,RFD,OMA,MIA,FAT,DFW,BDL,ONT,RAP,BUR,OGG,IND,DTW,BLV,GFK,ELP,GTF,LAX,ATL,OKC,MCI,SLC,ABQ,FSD,BHM,MEM,OAK,LGB,SFO,SJC,SFB,JFK,BOI,SAN,KOA,MSO,BIL,MSY,CMH,MAF,SMF,MOT,GRR,FLL,MFR,MRY,AMA,BUF,BNA,FWA,XNA,LRD,COS,HRL,PHL,BOS,IAD,SBN,CLE,SGF,MSN,BZN,DAL,FCA,PAE,TUS,SAT,FAR,BWI,PIA,EWR,HNL"
LAW,DFW
LAX,"SEA,HNL,ANC,MIA,FAT,DFW,GEG,RSW,BDL,ORD,OGG,TUL,IND,DTW,HOU,ELP,BLI,ATL,OKC,MCI,PHX,SUN,BIH,RNO,SLC,DSM,LIT,ABQ,MTJ,PBI,MEM,GJT,OAK,ACV,PDX,PRC,SFO,SJC,CVG,JFK,DCA,BOI,PIT,SAN,KOA,RDD,SHV,PSP,MSO,CID,MFE,MSY,CMH,ASE,SMF,STS,PSC,SBP,MSP,GRR,FLL,STL,MFR,IAH,JAC,MRY,JAX,HDN,DEN,BUF,TPA,LAS,BNA,XNA,ICT,SBA,CHS,SDF,COS,PHL,BOS,IAD,CLE,CLT,MKE,SGF,AUS,BZN,LGA,DAL,RDM,FCA,EUG,MDW,RDU,TUS,MCO,LIH,SAT,ITO,FAR,BWI,OMA,EWR,EGE"
LBB,"IAH,HOU,DFW,DEN,LAS,AUS,PHX,DAL"
LBE,"FLL,RSW,MCO,TPA,MYR"
LBF,"DEN,BFF"
LBL,"DEN,DDC"
LCH,"IAH,DFW"
LCK,"FLL,SRQ,SAV,CHS,PIE,SFB,PGD,MYR,VPS,ORF"
LEX,"DFW,PGD,PHL,IAD,CLT,ORD,FLL,DTW,HOU,IAH,PIE,SFB,ATL,MYR,DCA,VPS"
LFT,"IAH,DFW,ATL,CLT"
LGA,"MIA,DFW,RSW,BGR,RAP,GSO,ORD,PWM,IND,DTW,HOU,BTV,LAX,ATL,OKC,ORH,MCI,EYW,HHH,PHX,ACK,DAY,DSM,MTJ,BHM,PBI,MEM,MVY,SYR,AGS,PVD,CHO,CVG,DCA,PIT,PNS,ORF,ROA,SRQ,MSY,CMH,MSP,GRR,AVL,FLL,STL,JAX,IAH,JAC,DEN,BUF,TPA,ALB,ILM,VPS,BNA,XNA,SAV,CHS,CAE,SDF,BOS,IAD,CLE,CLT,MKE,MSN,DAL,FCA,RIC,RDU,MDW,MCO,TYS,TVC,MYR,GSP,SJU,BWI,OMA,ROC,EGE"
LGB,"SLC,DFW,SMF,OAK,OGG,AUS,DAL,STL,HOU,MDW,DEN,SJC,LAS,PHX,RNO,HNL"
LIH,"SEA,PDX,SFO,DEN,SJC,LAX,LAS,OAK,SAN,KOA,OGG,PHX,HNL"
LIT,"MIA,DFW,ORD,CLT,DAL,STL,IAH,MCO,PIE,DEN,SFB,LAX,ATL,LAS,DCA,VPS,PHX"
LNK,"DEN,ORD,MSP"
LRD,"IAH,DFW,LAS"
LSE,"DTW,ORD,MSP"
LWB,"SHD,ORD"
LWS,"SLC,DEN"
LYH,CLT
MAF,"IAH,HOU,DFW,DEN,LAS,PHX,AUS,DAL"
MBS,"DTW,ORD"
MCI,"SEA,ECP,SRQ,MIA,DFW,RSW,MSY,ORD,MSP,FLL,DTW,STL,IAH,HOU,DEN,LAX,TPA,LAS,ATL,VPS,BNA,PHX,SLC,ABQ,CHS,PGD,PHL,BOS,IAD,OAK,CLT,AUS,LGA,DAL,PDX,MDW,MCO,PIE,SFB,JFK,DCA,MYR,SAN,PNS,SAT,BWI,EWR"
MCO,"SEA,ISP,EWR,MIA,DFW,RSW,BDL,ONT,HPN,JAN,ORD,PWM,IND,DTW,HOU,BTV,ELP,LAX,ATL,OKC,MCI,LBE,PHX,SWF,SLC,DSM,LIT,CAK,BHM,FSD,MEM,SYR,PDX,CRW,SFO,PVD,CVG,JFK,PSE,DCA,SAN,PNS,PIT,HSV,ORF,CID,MSY,MHT,CMH,BMI,MSP,GRR,ILG,FLL,STL,IAH,DEN,BUF,STT,ALB,LAS,ACY,TTN,BNA,MDT,GRB,XNA,SDF,COS,HRL,BOS,PHL,IAD,CLE,CLT,MKE,MSN,AUS,LGA,DAL,RIC,RDU,MDW,TYS,MYR,SAT,FAR,SJU,OMA,BQN,BWI,ROC,HNL"
MCW,"FOD,ORD"
MDT,"SRQ,DFW,PGD,PHL,BOS,IAD,ORD,CLT,DTW,FLL,MCO,PIE,DEN,SFB,ATL,MYR,BNA,EWR"
MDW,"SEA,SNA,ECP,MIA,DFW,RSW,BDL,ONT,BUR,PWM,TUL,DTW,HOU,LAX,ATL,OKC,MCI,PHX,SLC,ABQ,BHM,PBI,MEM,OAK,LGB,PDX,SFO,SJC,PVD,CVG,DCA,PIT,SAN,PNS,ORF,PSP,SRQ,MSY,MHT,CMH,SMF,GRR,MSP,AVL,FLL,STL,IAH,JAX,DEN,BUF,TPA,LAS,ALB,VPS,TTN,BNA,SAV,CHS,SDF,COS,PGD,PHL,BOS,IAD,CLE,CLT,AUS,LGA,DAL,RIC,RDU,TUS,MCO,TYS,MYR,SAT,BWI,OMA,SJU,ROC"
MEI,"IAH,PIB"
MEM,"MIA,DFW,ORD,MSP,DTW,FLL,IAH,HOU,DEN,LAX,TPA,ATL,LAS,VPS,PHX,SLC,PHL,BOS,CLT,AUS,LGA,DAL,MDW,MCO,PIE,SFB,DCA,BWI,EWR"
MFE,"IAH,DFW,SFB,LAX,LAS,BNA"
MFR,"SLC,SNA,SEA,SFO,DEN,AZA,LAX,LAS,SAN,PHX,PDX"
MGM,"DFW,ATL,DCA,CLT"
MHK,"DFW,ORD"
MHT,"FLL,MDW,RSW,MCO,TPA,PHL,MYR,DCA,IAD,CLT,ORD,BWI,EWR"
MIA,"SEA,GNV,DFW,BDL,GSO,ORD,PWM,TUL,IND,DTW,HOU,BTV,LAX,ATL,OKC,MCI,EYW,PHX,SWF,SLC,DSM,LIT,BHM,MEM,SYR,SFO,AGS,PVD,CVG,JFK,DCA,HSV,PIT,PNS,CHA,SAN,ORF,TLH,MSY,CMH,MSP,GRR,AVL,STL,JAX,IAH,DEN,BUF,STT,TPA,LAS,ALB,ACY,BNA,XNA,SAV,CHS,CAE,SDF,PHL,BOS,IAD,CLE,CLT,MKE,MSN,AUS,LGA,DAL,RIC,RDU,MDW,MCO,STX,TYS,MYR,SAT,GSP,ROC,BWI,SJU,OMA,EWR,EGE"
MKE,"SEA,SRQ,MIA,DFW,RSW,ORD,MSP,DTW,STL,FLL,IAH,HOU,DEN,LAX,TPA,ATL,LAS,BNA,PHX,SLC,BOS,PHL,IAD,CLT,LGA,DAL,MCO,JFK,MYR,DCA,BWI,EWR"
MKG,ORD
MLB,"DFW,ATL,DCA,PIT,CLT,BNA,USA"
MLI,"DFW,PIE,DEN,AZA,SFB,PGD,LAS,ATL,ORD,MSP"
MLU,"IAH,DFW,ATL"
MOB,"IAH,DFW,ATL,CLT"
MOT,"DEN,AZA,LAS,MSP"
MQT,"DTW,ORD,MSP"
MRY,"SEA,DFW,SFO,DEN,LAX,LAS,SAN,PHX"
MSN,"MIA,DFW,PHL,ORD,CLT,MSP,LGA,DTW,MCO,DEN,ATL,LAS,DCA,PHX,EWR"
MSO,"SLC,SEA,SNA,DFW,AZA,OAK,ORD,MSP,PDX,SFO,DEN,LAX,LAS,SAN"
MSP,"SEA,SNA,ANC,GEG,ORD,MQT,HOU,BTV,PHX,DSM,PBI,XWA,PDX,LSE,FAI,MLI,CVG,DCA,PIT,PSP,CID,BIS,AZA,DLH,PSC,ATW,AVL,STL,IAH,JAX,JAC,HDN,DEN,BRD,TPA,LAS,CWA,VPS,GRB,ICT,SDF,CLT,MKE,AUS,RIC,MDW,RDU,MCO,ESC,TYS,TVC,RHI,OMA,MIA,DFW,RSW,BDL,RAP,BJI,PWM,LNK,IND,DTW,GFK,LAX,ATL,OKC,MCI,SLC,ABQ,FSD,MEM,SFO,SJC,PVD,HIB,JFK,RST,BOI,SAN,MSO,SRQ,BIL,MSY,CMH,SMF,MOT,IMT,GRR,FLL,CIU,BUF,BNA,FWA,XNA,SAV,CHS,PGD,PHL,ABR,IAD,SBN,CLE,BOS,MSN,BZN,LGA,DAL,INL,FCA,TUS,MYR,FAR,SAT,BWI,SJU,EWR,HNL"
MSY,"SEA,MIA,DFW,CMH,ORD,MSP,IND,FLL,DTW,STL,IAH,HOU,DEN,LAX,TPA,ATL,LAS,MCI,BNA,PHX,SLC,SDF,BOS,PHL,IAD,CLE,CLT,AUS,LGA,DAL,RDU,MDW,SFO,MCO,CVG,JFK,DCA,SAT,SAN,BWI,USA,EWR"
MTJ,"IAH,HOU,DFW,SFO,DEN,LAX,ATL,ORD,PHX,LGA,EWR,DAL"
MVY,"BOS,JFK,DCA,PHL,CLT,ORD,LGA"
MYR,"ISP,MIA,DFW,MHT,BDL,CMH,HTS,LEX,ORD,MSP,IND,DTW,FLL,STL,BLV,IAH,PSM,DEN,IAG,ATL,ALB,MCI,ACY,ABE,LBE,FWA,MDT,BNA,SWF,CAK,SDF,PHL,BOS,IAD,CLE,CLT,MKE,SYR,LGA,DAL,MDW,CRW,MCO,HGR,TYS,CVG,DCA,PIT,BWI,CKB,LCK,EWR"
OAJ,"ATL,CLT"
OAK,"SEA,SNA,HNL,MSO,GEG,ONT,AZA,BUR,OGG,ORD,IDA,DTW,STL,HOU,DEN,LAX,BLI,LAS,MCI,BNA,PHX,RNO,SLC,ABQ,SBA,PHL,LGB,AUS,DAL,PDX,FCA,EUG,MDW,TUS,LIH,BOI,SAN,KOA,PSP"
OGD,AZA
OGG,"SEA,SLC,ANC,DFW,SMF,OAK,ORD,LGB,PDX,SFO,DEN,SJC,LIH,LAX,LAS,SAN,KOA,ITO,PHX,EWR,HNL"
OGS,"IAD,ORD,PBG"
OKC,"SEA,SLC,MIA,DFW,ORD,CLT,MSP,AUS,LGA,STL,IAH,HOU,MDW,MCO,DEN,SFB,LAX,TPA,ATL,LAS,DCA,SAT,VPS,BNA,PHX"
OMA,"SEA,MIA,DFW,RSW,AZA,ORD,MSP,DTW,STL,IAH,HOU,DEN,LAX,TPA,ATL,LAS,VPS,BNA,PHX,SLC,PGD,CLT,LGA,DAL,MDW,SFO,MCO,PIE,SFB,DCA,EWR"
OME,"ANC,OTZ"
ONT,"SEA,SLC,DFW,SMF,OAK,CLT,AUS,DAL,PDX,IAH,MDW,HOU,SFO,MCO,DEN,SJC,ATL,JFK,LAS,PHX,HNL"
ORD,"SEA,SNA,EWR,ANC,ECP,GEG,HPN,TUL,MQT,LAN,BTV,PHX,SUN,RNO,DSM,LIT,MTJ,PBI,FNT,MVY,PDX,LSE,FAI,MLI,FOD,CVG,DCA,PIT,PNS,LWB,AVP,PAH,ORF,ROA,CID,PSP,MHT,DLH,MCW,ATW,MSP,AVL,JLN,STL,JAX,IAH,JAC,HDN,DEN,STT,TPA,LAS,CWA,CMI,VPS,GRB,SUX,ICT,SBA,TOL,CAE,SDF,MHK,CLT,MKE,AUS,EAR,RIC,EUG,RDU,MCO,TYS,TVC,CKB,OMA,EGE,MIA,CGI,DFW,RSW,FAT,BDL,LEX,BGR,RAP,GSO,OGG,PWM,ERI,LNK,IND,DTW,ELP,AZO,GTF,LAX,ATL,OKC,MCI,EYW,MKG,EVV,HHH,ACK,DAY,SLC,ABQ,FSD,BHM,DEC,CAK,MEM,OAK,SYR,JST,CRW,SFO,AGS,SJC,PVD,CHO,HSV,JFK,RST,BOI,CHA,SAN,KOA,MSO,SRQ,BIL,MSY,CMH,ASE,BMI,SMF,GRR,MBS,FLL,COU,ALO,BUF,DBQ,ALB,SLN,ILM,ABE,TBN,BNA,MDT,FWA,XNA,EAU,SAV,CMX,CHS,SCE,COS,HRL,BOS,SBN,PHL,IAD,CLE,SGF,MSN,BZN,LGA,DAL,FCA,TUS,SHD,OGS,MYR,FAR,GSP,SAT,ROC,BWI,SJU,PIA,SPI,HNL"
ORF,"MIA,DFW,PGD,PHL,BOS,IAD,CLT,ORD,LGA,DAL,DTW,FLL,JAX,MDW,IAH,MCO,PIE,DEN,SFB,ATL,JFK,DCA,CVG,BNA,BWI,LCK,EWR"
ORH,"FLL,PHL,JFK,LGA"
OTH,"SFO,DEN"
OTZ,"ANC,OME"
OWB,SFB
PAE,"PDX,SNA,GEG,TUS,SFO,LAS,BOI,SAN,PHX,PSP"
PAH,"CGI,ORD"
PBG,"FLL,PIE,OGS,SFB,PGD,IAD"
PBI,"ISP,DFW,BDL,HPN,ORD,MSP,AVL,IND,DTW,IAH,LAX,ATL,ACY,TTN,PHL,BOS,IAD,CLT,AUS,LGA,MDW,PVD,TYS,CVG,JFK,DCA,PIT,BWI,EWR"
PDX,"SEA,SNA,ANC,FAT,DFW,GEG,ONT,ORD,BUR,OGG,DTW,LAX,ATL,MCI,PHX,RNO,SLC,DSM,ABQ,OAK,SFO,SJC,JFK,DCA,BOI,SAN,KOA,PSP,MSO,BIL,STS,SMF,SBP,MSP,GRR,IDA,MFR,FLL,STL,IAH,DEN,TPA,LAS,SBA,BOS,IAD,CLT,AUS,BZN,DAL,FCA,PAE,MDW,TUS,MCO,LIH,EWR,HNL"
PGD,"CID,ORF,OMA,HTS,LEX,ATW,STC,MSP,GRR,AVL,IND,BLV,HOU,PSM,IAG,ALB,MCI,ABE,FWA,MDT,BNA,SWF,DAY,DSM,PBG,XNA,CAK,FSD,TOL,PBI,SDF,FNT,SBN,CLE,SGF,SYR,AUS,RIC,MDW,RDU,ELM,PVD,MLI,TYS,TVC,CVG,RFD,PIT,BWI,SPI,USA,LCK,PIA,ROC"
PGV,CLT
PHF,"PHL,CLT"
PHL,"SEA,ISP,MIA,DFW,RSW,BDL,BGR,LEX,GSO,ORD,PWM,IND,SBY,DTW,HOU,BTV,LAX,ATL,ORH,MCI,EYW,PHX,HHH,ACK,DAY,SLC,CAK,BHM,PBI,MEM,MVY,OAK,SYR,SFO,AGS,PVD,CVG,JFK,DCA,PIT,PNS,SAN,ORF,ART,ROA,SRQ,MSY,MHT,CMH,MSP,GRR,AVL,FLL,STL,JAX,IAH,DEN,BUF,STT,TPA,LAS,ALB,ITH,ILM,VPS,BNA,FWA,MDT,SAV,CHS,CAE,SCE,SDF,PHF,BOS,IAD,DAB,CLE,CLT,MKE,MSN,AUS,DAL,RIC,RDU,MDW,MCO,TYS,TVC,MYR,SAT,GSP,SJU,BQN,ROC,EWR,EGE"
PHX,"SEA,SNA,EGE,ANC,MIA,FAT,DFW,GEG,ONT,ROW,RAP,BUR,OGG,ORD,TUL,IND,DTW,HOU,ELP,LAX,ATL,OKC,MCI,PVU,RNO,SLC,DSM,LIT,ABQ,FSD,MTJ,MEM,GJT,OAK,SAF,LGB,ACV,PDX,FLG,SFO,SJC,CVG,JFK,DCA,BOI,SAN,KOA,PIT,YUM,PSP,CID,BIL,MSY,BIS,CMH,ASE,MAF,SMF,STS,SBP,MSP,GRR,IDA,FLL,STL,MFR,IAH,BFL,MRY,JAC,DEN,BUF,TPA,LAS,DRO,SCK,BNA,ICT,SBA,SDF,COS,BOS,PHL,IAD,CLE,CLT,MKE,MSN,AUS,RDM,LGA,DAL,PAE,MDW,RDU,TUS,EUG,MCO,SGU,LIH,TYS,LBB,SAT,FAR,BWI,OMA,EWR,HNL"
PIA,"FLL,SRQ,DFW,PIE,DEN,AZA,SFB,PGD,LAS,ORD,CLT,BNA,VPS"
PIB,"MEI,IAH"
PIE,"HTS,BGR,LEX,GSO,TUL,IND,BLV,TRI,IAG,MCI,EYW,PVU,SWF,DAY,DSM,PBG,LIT,CAK,FSD,MEM,FNT,SYR,MLI,CVG,PIT,CHA,ORF,LCK,ROA,CID,BMI,ATW,GRR,AVL,PSM,ALB,ABE,FWA,MDT,BNA,XNA,ICT,TOL,SCE,SDF,SBN,SGF,RIC,ELM,HGR,TYS,TVC,RFD,FAR,GSP,CKB,OMA,USA,PIA"
PIH,SLC
PIR,DEN
PIT,"SEA,SRQ,MIA,DFW,RSW,AZA,ORD,MSP,FLL,DTW,STL,IAH,JAX,HOU,DEN,LAX,TPA,LAS,ATL,EYW,VPS,BNA,PHX,MLB,SAV,CHS,PBI,PGD,PHL,BOS,IAD,CLT,AUS,LGA,DAL,MDW,RDU,SFO,MCO,PIE,SFB,MYR,DCA,JFK,BWI,EWR"
PLN,DTW
PNS,"MIA,DFW,BOS,PHL,IAD,ORD,CLT,LGA,DAL,STL,IAH,HOU,MDW,MCO,DEN,ATL,DCA,MCI,BNA"
PPG,HNL
PQI,EWR
PRC,"DEN,LAX"
PSC,"SLC,SEA,SFO,DEN,AZA,LAX,LAS,SAN,MSP"
PSE,"MCO,JFK"
PSG,"JNU,WRG"
PSM,"PIE,SFB,PGD,MYR,BNA"
PSP,"SEA,DFW,SMF,ORD,MSP,IND,FLL,IAH,DEN,LAX,BLI,LAS,ATL,BNA,PHX,PVU,SLC,DSM,BOS,OAK,AUS,DAL,PDX,PAE,EUG,MDW,SFO,SJC,JFK,BOI"
PUB,DEN
PUW,"SEA,BOI"
PVD,"MIA,RSW,PBI,PGD,PHL,IAD,CLT,ORD,MSP,LGA,DTW,FLL,MDW,RDU,MCO,DEN,TPA,ATL,CVG,DCA,BWI,BNA,EWR"
PVU,"SNA,HOU,PIE,AZA,AUS,PHX,PSP"
PWM,"MIA,DFW,RSW,PHL,IAD,ORD,CLT,MSP,LGA,DTW,FLL,RDU,MDW,MCO,DEN,TPA,ATL,JFK,DCA,BWI,BNA,EWR"
RAP,"SLC,IAH,DFW,DEN,AZA,LAS,ORD,CLT,MSP,PHX,LGA,EWR"
RDD,"SEA,SFO,LAX"
RDM,"SEA,SLC,SFO,DEN,LAX,LAS,SAN,PHX"
RDU,"SEA,ISP,MIA,DFW,MSY,BDL,ORD,PWM,MSP,IND,FLL,DTW,STL,IAH,DEN,BUF,LAX,TPA,ATL,LAS,ALB,TTN,BNA,PHX,SWF,SLC,PGD,BOS,PHL,IAD,CLE,CLT,SYR,AUS,LGA,DAL,MDW,SFO,MCO,PVD,CVG,JFK,DCA,PIT,SJU,BWI,EWR"
RFD,"SRQ,PIE,AZA,SFB,PGD,LAS"
RHI,MSP
RIC,"SRQ,MIA,DFW,PGD,PHL,BOS,IAD,ORD,CLT,MSP,LGA,FLL,DTW,IAH,MDW,MCO,PIE,DEN,SFB,TPA,ATL,JFK,BNA,EWR"
RIW,DEN
RKS,DEN
RNO,"SEA,SLC,SNA,DFW,OAK,BUR,ORD,LGB,AUS,DAL,PDX,IAH,HOU,SFO,DEN,SJC,LAX,LAS,JFK,ATL,SAN,PHX"
ROA,"PIE,SFB,PHL,ATL,IAD,CLT,ORD,BNA,LGA"
ROC,"MIA,RSW,PGD,BOS,PHL,IAD,ORD,CLT,LGA,DTW,FLL,MDW,MCO,DEN,SFB,TPA,ATL,JFK,DCA,BWI,EWR"
ROW,"DFW,PHX"
RST,"ATL,ORD,MSP"
RSW,"SEA,ISP,DFW,MHT,BDL,CMH,HPN,ORD,PWM,MSP,GRR,IND,DTW,STL,IAH,HOU,DEN,BUF,LAX,ATL,ALB,MCI,ACY,LBE,BNA,TTN,CAK,SDF,BOS,PHL,IAD,CLE,CLT,MKE,SYR,AUS,LGA,DAL,MDW,SFO,MCO,PVD,CVG,JFK,DCA,PIT,BWI,ROC,OMA,EWR"
SAF,"DFW,DEN,PHX"
SAN,"SEA,MIA,FAT,DFW,GEG,ORD,OGG,DTW,HOU,ELP,LAX,BLI,ATL,MCI,PHX,RNO,SLC,DSM,ABQ,FSD,OAK,PDX,SFO,SJC,JFK,BOI,KOA,MSO,MSY,AZA,SMF,STS,PSC,SBP,MSP,IDA,FLL,STL,MFR,IAH,JAC,MRY,HDN,DEN,LAS,BNA,SBA,BOS,PHL,IAD,CLT,RDM,AUS,BZN,DAL,FCA,PAE,MDW,EUG,TUS,MCO,LIH,SAT,BWI,EWR,HNL"
SAT,"SEA,MIA,DFW,MSY,ORD,MSP,DTW,STL,FLL,HOU,IAH,ELP,DEN,LAX,TPA,ATL,LAS,OKC,MCI,BNA,PHX,SLC,ABQ,COS,BOS,PHL,IAD,CLT,DAL,MDW,SFO,MCO,JFK,SAN,BWI,EWR"
SAV,"MIA,DFW,ORD,ATW,MSP,GRR,IND,DTW,HOU,BLV,IAH,DEN,ATL,ABE,BNA,SWF,CAK,SDF,FNT,PHL,BOS,IAD,CLT,LGA,DAL,MDW,CVG,JFK,DCA,PIT,BWI,LCK,EWR"
SBA,"SEA,DFW,SFO,DEN,LAX,SMF,LAS,SAN,OAK,ORD,PHX,PDX"
SBN,"DTW,SRQ,DFW,PIE,AZA,SFB,PGD,LAS,ATL,CLT,ORD,MSP"
SBP,"SEA,DFW,SFO,DEN,LAX,SAN,PHX,PDX"
SBY,"PHL,CLT"
SCC,ANC
SCE,"DTW,PIE,SFB,PHL,IAD,ORD,EWR"
SCK,"LAS,PHX"
SDF,"SRQ,MIA,DFW,RSW,MSY,ORD,MSP,FLL,DTW,IAH,HOU,DEN,LAX,TPA,ATL,LAS,VPS,PHX,SAV,CHS,PGD,PHL,BOS,IAD,CLT,AUS,LGA,DAL,MDW,SFO,MCO,PIE,SFB,MYR,DCA,BWI,EWR"
SEA,"SNA,ANC,MIA,FAT,DFW,GEG,RSW,ONT,ORD,BUR,OGG,KTN,IND,DTW,GTF,ELP,LAX,BLI,ATL,OKC,MCI,PHX,SUN,RNO,SLC,ABQ,OAK,PDX,SFO,SJC,FAI,CVG,JFK,DCA,BOI,SAN,PIT,KOA,RDD,PSP,MSO,BIL,MSY,CMH,SMF,STS,PSC,SBP,MSP,IDA,SIT,MFR,FLL,STL,IAH,JAC,MRY,EAT,HDN,DEN,TPA,LAS,BNA,HLN,YKM,ICT,PUW,SBA,CHS,PHL,BOS,IAD,CLE,CLT,MKE,RDM,AUS,BZN,DAL,FCA,EUG,MDW,RDU,TUS,JNU,MCO,LIH,ALW,SAT,BWI,OMA,EWR,HNL"
SFB,"HTS,LEX,BGR,GSO,TUL,IND,BLV,GFK,TRI,IAG,OKC,MCI,EYW,EVV,SWF,DAY,DSM,PBG,LIT,FSD,MEM,FNT,SYR,MLI,CVG,PIT,CHA,ORF,LCK,SHV,ROA,CID,MFE,BIS,BMI,OWB,ATW,GRR,AVL,GPT,PSM,ALB,LAS,ABE,FWA,MDT,BNA,XNA,ICT,TOL,SDF,SCE,SBN,SGF,AUS,RIC,ELM,HGR,TYS,TVC,RFD,FAR,GSP,CKB,ROC,OMA,USA,PIA"
SFO,"SEA,SNA,EGE,ANC,MIA,FAT,DFW,GEG,RSW,BDL,ONT,ORD,OGG,BUR,IND,DTW,LAX,ATL,PHX,SUN,BIH,RNO,SLC,ABQ,MTJ,ACV,PDX,JFK,DCA,BOI,SAN,KOA,PIT,RDD,PSP,MSO,MSY,ASE,CMH,SMF,STS,PSC,SBP,MSP,FLL,MFR,STL,IAH,JAC,MRY,BFL,HDN,DEN,TPA,LAS,BNA,SBA,SDF,BOS,PHL,IAD,CLE,CLT,AUS,RDM,BZN,DAL,FCA,EUG,RDU,MDW,TUS,PAE,MCO,OTH,LIH,SAT,BWI,OMA,EWR,HNL"
SGF,"DFW,AZA,PGD,ORD,CLT,AUS,IAH,HOU,PIE,DEN,LAX,SFB,ATL,LAS,VPS"
SGU,"SLC,DFW,DEN,PHX"
SHD,"IAD,ORD,LWB"
SHR,DEN
SHV,"IAH,DFW,DEN,LAX,SFB,LAS,ATL,CLT,VPS"
SIT,"SEA,JNU,KTN"
SJC,"SEA,SNA,PSP,DFW,GEG,ONT,OGG,BUR,MSP,ORD,STL,HOU,IAH,DEN,LAX,ATL,LAS,BNA,PHX,RNO,SLC,BOS,LGB,AUS,DAL,PDX,EUG,MDW,LIH,JFK,BOI,SAN,KOA,HNL"
SJT,DFW
SJU,"MIA,DFW,BDL,ORD,MSP,FLL,STL,IAH,HOU,JAX,BUF,STT,TPA,ATL,ACY,BNA,PHL,BOS,IAD,CLT,AUS,LGA,MDW,RDU,MCO,JFK,DCA,BWI,EWR"
SLC,"SEA,SNA,ANC,MIA,FAT,DFW,GEG,ONT,LWS,RAP,ORD,BUR,OGG,TUL,IND,DTW,HOU,TWF,GTF,LAX,OKC,ATL,MCI,PHX,SUN,RNO,DSM,PIH,ABQ,CNY,MEM,GJT,OAK,LGB,PDX,SFO,SJC,WYS,CVG,JFK,DCA,BOI,SAN,PSP,MSO,CDC,BIL,MSY,SMF,PSC,MSP,IDA,MFR,STL,FLL,IAH,JAC,BTM,DEN,TPA,LAS,BNA,HLN,COS,EKO,BOS,PHL,IAD,CLE,CLT,MKE,RDM,BZN,AUS,DAL,FCA,CPR,EUG,MDW,RDU,TUS,SGU,MCO,SAT,BWI,OMA,EWR,HNL"
SLN,"HYS,DEN,ORD"
SMF,"SEA,SNA,HNL,DFW,GEG,ONT,OGG,BUR,MSP,ORD,STL,HOU,IAH,DEN,LAX,ATL,LAS,PHX,SLC,SBA,BOS,IAD,CLT,LGB,AUS,DAL,PDX,MDW,SFO,JFK,BOI,SAN,KOA,EWR,PSP"
SMX,"AZA,LAS"
SNA,"SEA,MSO,DFW,GEG,AZA,ASE,SMF,STS,ORD,MSP,IDA,MFR,STL,HOU,IAH,DEN,ATL,LAS,BNA,PHX,PVU,RNO,SLC,DSM,FSD,GJT,OAK,AUS,BZN,DAL,PDX,EUG,MDW,PAE,SFO,SJC,JFK,BOI,EWR,HNL"
SPI,"DFW,AZA,PGD,ORD"
SPN,GUM
SPS,DFW
SRQ,"CID,DFW,CMH,ORD,ATW,MSP,GRR,AVL,TUL,IND,DTW,STL,IAH,HOU,BLV,DEN,ATL,MCI,ABE,BNA,FWA,MDT,DSM,CAK,SDF,FNT,PHL,BOS,SBN,IAD,CLE,CLT,SYR,MKE,AUS,LGA,DAL,RIC,MDW,TYS,CVG,JFK,DCA,RFD,PIT,BWI,LCK,EWR,PIA"
STC,"AZA,PGD"
STL,"SEA,SNA,ECP,MIA,DFW,RSW,ORD,TUL,DTW,HOU,LAX,ATL,OKC,MCI,PHX,SLC,DSM,LIT,OAK,LGB,PDX,SFO,SJC,DCA,PIT,SAN,PNS,SRQ,MSY,CMH,SMF,MSP,FLL,IAH,JAX,DEN,TPA,LAS,VPS,BNA,ICT,CHS,PHL,BOS,IAD,CLE,CLT,MKE,AUS,LGA,DAL,MDW,RDU,MCO,MYR,SAT,BWI,OMA,SJU,EWR"
STS,"SEA,SNA,DFW,SFO,LAX,SAN,BUR,PHX,PDX"
STT,"MIA,DFW,BOS,PHL,IAD,ORD,CLT,FLL,IAH,MCO,ATL,JFK,SJU,EWR"
STX,"FLL,MIA,ATL,CLT"
SUN,"SLC,SEA,SFO,DEN,LAX,ORD"
SUX,"DEN,ORD"
SWF,"FLL,MIA,RDU,SAV,MCO,PIE,SFB,TPA,ATL,PGD,MYR"
SWO,DFW
SYR,"SRQ,MIA,DFW,RSW,PGD,BOS,PHL,IAD,ORD,CLT,LGA,DTW,FLL,RDU,MCO,PIE,DEN,SFB,TPA,ATL,JFK,DCA,MYR,BWI,BNA,EWR"
TBN,"DEC,ORD"
TLH,"MIA,DFW,ATL,DCA,CLT"
TOL,"PIE,AZA,SFB,PGD,ORD"
TPA,"SEA,ISP,MIA,DFW,BDL,HPN,ORD,PWM,IND,DTW,HOU,LAX,ATL,OKC,MCI,LBE,PHX,SWF,SLC,CAK,BHM,MEM,SYR,PDX,SFO,PVD,CVG,JFK,DCA,PIT,MSY,MHT,CMH,BMI,MSP,GRR,FLL,STL,IAH,DEN,BUF,LAS,ALB,ACY,TTN,BNA,GRB,SDF,BOS,PHL,IAD,CLE,CLT,MKE,AUS,LGA,DAL,RIC,RDU,MDW,SAT,SJU,BWI,ROC,OMA,EWR"
TRI,"DFW,PIE,SFB,ATL,CLT"
TTN,"FLL,RDU,MDW,RSW,MCO,PBI,TPA,ATL,PHL,CLT"
TUL,"SLC,SRQ,MIA,DFW,AZA,ORD,CLT,AUS,DAL,STL,IAH,HOU,MDW,PIE,DEN,SFB,LAX,ATL,LAS,DCA,VPS,PHX"
TUS,"SEA,SLC,DFW,OAK,ORD,MSP,PDX,IAH,PAE,HOU,SFO,MDW,DEN,LAX,LAS,ATL,SAN,PHX"
TVC,"DFW,AZA,PGD,PHL,BOS,IAD,ORD,CLT,MSP,LGA,DTW,PIE,DEN,SFB,ATL,DCA,EWR"
TWF,SLC
TXK,"IAH,DFW"
TYR,DFW
TYS,"SRQ,MIA,DFW,ORD,MSP,DTW,FLL,IAH,HOU,DEN,ATL,LAS,VPS,PHX,PBI,PGD,PHL,BOS,IAD,CLT,AUS,LGA,MDW,MCO,PIE,SFB,MYR,DCA,BWI,EWR"
USA,"FLL,MLB,MSY,PIE,SFB,PGD"
VCT,IAH
VEL,DEN
VLD,ATL
VPS,"PIA,DFW,BMI,LEX,HTS,ORD,MSP,GRR,AVL,TUL,IND,STL,IAH,BLV,HOU,DEN,ATL,OKC,LAS,MCI,EVV,BNA,DSM,LIT,XNA,ICT,SDF,MEM,BOS,PHL,CLT,SGF,AUS,LGA,DAL,MDW,TYS,CVG,DCA,PIT,BWI,CKB,OMA,LCK,EWR,SHV"
WRG,"PSG,KTN"
WYS,"SLC,DEN"
XNA,"MIA,DFW,AZA,PGD,CLT,ORD,MSP,AUS,LGA,FLL,IAH,HOU,MCO,PIE,DEN,LAX,SFB,ATL,LAS,DCA,VPS,BNA,EWR"
XWA,"DEN,MSP"
YAK,"CDV,JNU"
YKM,SEA
YUM,"DFW,PHX"
